web-scraper-order,web-scraper-start-url,description,prix,Addresse,Images-src,Pagination,Pagination-href
"1729547930-1","https://dakarvente.com/annonces-categorie-appartements-louer-10.html","DES APPARTEMENTS 2 CHAMBRES SALON À LOUER A NGOR ALMADIES  Nous Louons des Appartements de 2 chambres Salon, Toutes les pièces sont climatisées. Il est composè de: 1salle d'eau, 1Toilette Visiteur, Balcon, Cuisine avec Placard  Service gardiennage H24 Niveau: RDC, 1er & 2e Étage  Prix: 400.000F peut être lègerement négociable","","","","2","https://dakarvente.com/index.php?page=annonces_categorie&id=10&sort=&nb=2"
"1729547930-2","https://dakarvente.com/annonces-categorie-appartements-louer-10.html","APPARTEMENTS NON MEUBLE A LOUER AUC ALMADIES","","","","2","https://dakarvente.com/index.php?page=annonces_categorie&id=10&sort=&nb=2"
"1729547930-3","https://dakarvente.com/annonces-categorie-appartements-louer-10.html","Studio à louer","","","","2","https://dakarvente.com/index.php?page=annonces_categorie&id=10&sort=&nb=2"
"1729547930-4","https://dakarvente.com/annonces-categorie-appartements-louer-10.html","Studio à louer","","","","2","https://dakarvente.com/index.php?page=annonces_categorie&id=10&sort=&nb=2"
"1729547930-5","https://dakarvente.com/annonces-categorie-appartements-louer-10.html","APPARTEMENT F4 À LOUER MAMELLES","","","","2","https://dakarvente.com/index.php?page=annonces_categorie&id=10&sort=&nb=2"
"1729547930-6","https://dakarvente.com/annonces-categorie-appartements-louer-10.html","Studio séparé à louer","","","","2","https://dakarvente.com/index.php?page=annonces_categorie&id=10&sort=&nb=2"
"1729547930-7","https://dakarvente.com/annonces-categorie-appartements-louer-10.html","Studio séparé à louer","","","","2","https://dakarvente.com/index.php?page=annonces_categorie&id=10&sort=&nb=2"
"1729547930-8","https://dakarvente.com/annonces-categorie-appartements-louer-10.html","Appartement F3 à louer sur la corniche","","","","2","https://dakarvente.com/index.php?page=annonces_categorie&id=10&sort=&nb=2"
"1729547930-9","https://dakarvente.com/annonces-categorie-appartements-louer-10.html","Appartement F3 à louer à ouakam monument","","","","2","https://dakarvente.com/index.php?page=annonces_categorie&id=10&sort=&nb=2"
"1729547930-10","https://dakarvente.com/annonces-categorie-appartements-louer-10.html","Studio à louer","","","","2","https://dakarvente.com/index.php?page=annonces_categorie&id=10&sort=&nb=2"
"1729547930-11","https://dakarvente.com/annonces-categorie-appartements-louer-10.html","Studio f2 à louer à yoff apres ecobank","","","","2","https://dakarvente.com/index.php?page=annonces_categorie&id=10&sort=&nb=2"
"1729547930-12","https://dakarvente.com/annonces-categorie-appartements-louer-10.html","APPARTEMENT F4 À LOUER AU POINT E","","","","2","https://dakarvente.com/index.php?page=annonces_categorie&id=10&sort=&nb=2"
"1729547930-13","https://dakarvente.com/annonces-categorie-appartements-louer-10.html","Appartement neuf f3 belle vue sur mer à louer à ngor non loin de la madrague","","","","2","https://dakarvente.com/index.php?page=annonces_categorie&id=10&sort=&nb=2"
"1729547930-14","https://dakarvente.com/annonces-categorie-appartements-louer-10.html","Studio séparé à louer","","","","2","https://dakarvente.com/index.php?page=annonces_categorie&id=10&sort=&nb=2"
"1729547930-15","https://dakarvente.com/annonces-categorie-appartements-louer-10.html","Studio séparé à louer","","","","2","https://dakarvente.com/index.php?page=annonces_categorie&id=10&sort=&nb=2"
"1729547930-16","https://dakarvente.com/annonces-categorie-appartements-louer-10.html","APPARTEMENT MEUBLÉ F3 À LOUER NGOR ALMADIES","","","","2","https://dakarvente.com/index.php?page=annonces_categorie&id=10&sort=&nb=2"
"1729547930-17","https://dakarvente.com/annonces-categorie-appartements-louer-10.html","Bureaux à louer VDN","","","","2","https://dakarvente.com/index.php?page=annonces_categorie&id=10&sort=&nb=2"
"1729547930-18","https://dakarvente.com/annonces-categorie-appartements-louer-10.html","APPARTEMENT F3 À LOUER NGOR ALMADIES","","","","2","https://dakarvente.com/index.php?page=annonces_categorie&id=10&sort=&nb=2"
"1729547930-19","https://dakarvente.com/annonces-categorie-appartements-louer-10.html","Appartement f3 à louer","","","","2","https://dakarvente.com/index.php?page=annonces_categorie&id=10&sort=&nb=2"
"1729547930-20","https://dakarvente.com/annonces-categorie-appartements-louer-10.html","Studio f2 à louer à yoff derrière ecobank","","","","2","https://dakarvente.com/index.php?page=annonces_categorie&id=10&sort=&nb=2"
"1729547930-21","https://dakarvente.com/annonces-categorie-appartements-louer-10.html","TRÈS BEL APPARTEMENT À LOUER","","","","2","https://dakarvente.com/index.php?page=annonces_categorie&id=10&sort=&nb=2"
"1729547930-22","https://dakarvente.com/annonces-categorie-appartements-louer-10.html","Appartement f4 à louer au virage","","","","2","https://dakarvente.com/index.php?page=annonces_categorie&id=10&sort=&nb=2"
"1729547930-23","https://dakarvente.com/annonces-categorie-appartements-louer-10.html","Appartement à louer côté mon prix Ouakam","","","","2","https://dakarvente.com/index.php?page=annonces_categorie&id=10&sort=&nb=2"
"1729547930-24","https://dakarvente.com/annonces-categorie-appartements-louer-10.html","STUDIO MEUBLÉ A LOUER CORNICHE MAMELLES","","","","2","https://dakarvente.com/index.php?page=annonces_categorie&id=10&sort=&nb=2"
"1729547930-25","https://dakarvente.com/annonces-categorie-appartements-louer-10.html","LOUE APPARTEMENT F3 MEUBLE KEUR MASSAR 90 M2","","","","2","https://dakarvente.com/index.php?page=annonces_categorie&id=10&sort=&nb=2"
"1729547930-26","https://dakarvente.com/annonces-categorie-appartements-louer-10.html","Appartement f3 vue sur mer à louer à ngor non loin  de la madrague","","","","2","https://dakarvente.com/index.php?page=annonces_categorie&id=10&sort=&nb=2"
"1729547930-27","https://dakarvente.com/annonces-categorie-appartements-louer-10.html","APPARTEMENT MEUBLÉ F3 À LOUER SIPRES 2","","","","2","https://dakarvente.com/index.php?page=annonces_categorie&id=10&sort=&nb=2"
"1729547930-28","https://dakarvente.com/annonces-categorie-appartements-louer-10.html","APPARTEMENT VIDE A LOUER ONOMO","","","","2","https://dakarvente.com/index.php?page=annonces_categorie&id=10&sort=&nb=2"
"1729547930-29","https://dakarvente.com/annonces-categorie-appartements-louer-10.html","Mini studio a louer","","","","2","https://dakarvente.com/index.php?page=annonces_categorie&id=10&sort=&nb=2"
"1729547930-30","https://dakarvente.com/annonces-categorie-appartements-louer-10.html","Appartement F4 neuf   à louer à zac mbao","","","","2","https://dakarvente.com/index.php?page=annonces_categorie&id=10&sort=&nb=2"
"1729547930-31","https://dakarvente.com/annonces-categorie-appartements-louer-10.html","Appartement F4 à louer aux Almadies (recasement)","","","","2","https://dakarvente.com/index.php?page=annonces_categorie&id=10&sort=&nb=2"
"1729547930-32","https://dakarvente.com/annonces-categorie-appartements-louer-10.html","Studio grand standing de 150 m2 aux mamelles","","","","2","https://dakarvente.com/index.php?page=annonces_categorie&id=10&sort=&nb=2"
"1729547930-33","https://dakarvente.com/annonces-categorie-appartements-louer-10.html","Appartement F4 à louer aux Almadies (Recagement )","","","","2","https://dakarvente.com/index.php?page=annonces_categorie&id=10&sort=&nb=2"
"1729547930-34","https://dakarvente.com/annonces-categorie-appartements-louer-10.html","Studio séparé à louer","","","","2","https://dakarvente.com/index.php?page=annonces_categorie&id=10&sort=&nb=2"
"1729547930-35","https://dakarvente.com/annonces-categorie-appartements-louer-10.html","Appartement F3 à louer à Almadies (recasement)","","","","2","https://dakarvente.com/index.php?page=annonces_categorie&id=10&sort=&nb=2"
"1729547930-36","https://dakarvente.com/annonces-categorie-appartements-louer-10.html","Appartement F3 à louer Ouakam Comico","","","","2","https://dakarvente.com/index.php?page=annonces_categorie&id=10&sort=&nb=2"
"1729547930-37","https://dakarvente.com/annonces-categorie-appartements-louer-10.html","Appartement à louer","","","","2","https://dakarvente.com/index.php?page=annonces_categorie&id=10&sort=&nb=2"
"1729547930-38","https://dakarvente.com/annonces-categorie-appartements-louer-10.html","STUDIO MEUBLÉ À LOUER LIBERTÉ 6 EXTENSION","","","","2","https://dakarvente.com/index.php?page=annonces_categorie&id=10&sort=&nb=2"
"1729547930-39","https://dakarvente.com/annonces-categorie-appartements-louer-10.html","Appartement f3 à louer","","","","2","https://dakarvente.com/index.php?page=annonces_categorie&id=10&sort=&nb=2"
"1729547930-40","https://dakarvente.com/annonces-categorie-appartements-louer-10.html","F5 A LOUER A KOUNOUNE","","","","2","https://dakarvente.com/index.php?page=annonces_categorie&id=10&sort=&nb=2"
"1729547930-41","https://dakarvente.com/annonces-categorie-appartements-louer-10.html","APPARTEMENT DE TYPE F6 A LOUER A LA CORNICHE MAMELLES","","","","2","https://dakarvente.com/index.php?page=annonces_categorie&id=10&sort=&nb=2"
"1729547930-42","https://dakarvente.com/annonces-categorie-appartements-louer-10.html","Appartement f3 à louer","","","","2","https://dakarvente.com/index.php?page=annonces_categorie&id=10&sort=&nb=2"
"1729547930-43","https://dakarvente.com/annonces-categorie-appartements-louer-10.html","","400 000 FCFA","","","2","https://dakarvente.com/index.php?page=annonces_categorie&id=10&sort=&nb=2"
"1729547930-44","https://dakarvente.com/annonces-categorie-appartements-louer-10.html","","Almadies","","","2","https://dakarvente.com/index.php?page=annonces_categorie&id=10&sort=&nb=2"
"1729547930-45","https://dakarvente.com/annonces-categorie-appartements-louer-10.html","","362 000 FCFA","","","2","https://dakarvente.com/index.php?page=annonces_categorie&id=10&sort=&nb=2"
"1729547930-46","https://dakarvente.com/annonces-categorie-appartements-louer-10.html","","Almadies","","","2","https://dakarvente.com/index.php?page=annonces_categorie&id=10&sort=&nb=2"
"1729547930-47","https://dakarvente.com/annonces-categorie-appartements-louer-10.html","","150 000 FCFA","","","2","https://dakarvente.com/index.php?page=annonces_categorie&id=10&sort=&nb=2"
"1729547930-48","https://dakarvente.com/annonces-categorie-appartements-louer-10.html","","Ouest Foire","","","2","https://dakarvente.com/index.php?page=annonces_categorie&id=10&sort=&nb=2"
"1729547930-49","https://dakarvente.com/annonces-categorie-appartements-louer-10.html","","150 000 FCFA","","","2","https://dakarvente.com/index.php?page=annonces_categorie&id=10&sort=&nb=2"
"1729547930-50","https://dakarvente.com/annonces-categorie-appartements-louer-10.html","","Ouest Foire","","","2","https://dakarvente.com/index.php?page=annonces_categorie&id=10&sort=&nb=2"
"1729547930-51","https://dakarvente.com/annonces-categorie-appartements-louer-10.html","","450 000 FCFA","","","2","https://dakarvente.com/index.php?page=annonces_categorie&id=10&sort=&nb=2"
"1729547930-52","https://dakarvente.com/annonces-categorie-appartements-louer-10.html","","Mamelles","","","2","https://dakarvente.com/index.php?page=annonces_categorie&id=10&sort=&nb=2"
"1729547930-53","https://dakarvente.com/annonces-categorie-appartements-louer-10.html","","160 000 FCFA","","","2","https://dakarvente.com/index.php?page=annonces_categorie&id=10&sort=&nb=2"
"1729547930-54","https://dakarvente.com/annonces-categorie-appartements-louer-10.html","","Ouest Foire","","","2","https://dakarvente.com/index.php?page=annonces_categorie&id=10&sort=&nb=2"
"1729547930-55","https://dakarvente.com/annonces-categorie-appartements-louer-10.html","","160 000 FCFA","","","2","https://dakarvente.com/index.php?page=annonces_categorie&id=10&sort=&nb=2"
"1729547930-56","https://dakarvente.com/annonces-categorie-appartements-louer-10.html","","Ouest Foire","","","2","https://dakarvente.com/index.php?page=annonces_categorie&id=10&sort=&nb=2"
"1729547930-57","https://dakarvente.com/annonces-categorie-appartements-louer-10.html","","325 000 FCFA","","","2","https://dakarvente.com/index.php?page=annonces_categorie&id=10&sort=&nb=2"
"1729547930-58","https://dakarvente.com/annonces-categorie-appartements-louer-10.html","","Mamelles","","","2","https://dakarvente.com/index.php?page=annonces_categorie&id=10&sort=&nb=2"
"1729547930-59","https://dakarvente.com/annonces-categorie-appartements-louer-10.html","","225 000 FCFA","","","2","https://dakarvente.com/index.php?page=annonces_categorie&id=10&sort=&nb=2"
"1729547930-60","https://dakarvente.com/annonces-categorie-appartements-louer-10.html","","Ouakam","","","2","https://dakarvente.com/index.php?page=annonces_categorie&id=10&sort=&nb=2"
"1729547930-61","https://dakarvente.com/annonces-categorie-appartements-louer-10.html","","150 000 FCFA","","","2","https://dakarvente.com/index.php?page=annonces_categorie&id=10&sort=&nb=2"
"1729547930-62","https://dakarvente.com/annonces-categorie-appartements-louer-10.html","","Ouest Foire","","","2","https://dakarvente.com/index.php?page=annonces_categorie&id=10&sort=&nb=2"
"1729547930-63","https://dakarvente.com/annonces-categorie-appartements-louer-10.html","","180 000 FCFA","","","2","https://dakarvente.com/index.php?page=annonces_categorie&id=10&sort=&nb=2"
"1729547930-64","https://dakarvente.com/annonces-categorie-appartements-louer-10.html","","Yoff","","","2","https://dakarvente.com/index.php?page=annonces_categorie&id=10&sort=&nb=2"
"1729547930-65","https://dakarvente.com/annonces-categorie-appartements-louer-10.html","","1 000 000 FCFA","","","2","https://dakarvente.com/index.php?page=annonces_categorie&id=10&sort=&nb=2"
"1729547930-66","https://dakarvente.com/annonces-categorie-appartements-louer-10.html","","Point E","","","2","https://dakarvente.com/index.php?page=annonces_categorie&id=10&sort=&nb=2"
"1729547930-67","https://dakarvente.com/annonces-categorie-appartements-louer-10.html","","500 000 FCFA","","","2","https://dakarvente.com/index.php?page=annonces_categorie&id=10&sort=&nb=2"
"1729547930-68","https://dakarvente.com/annonces-categorie-appartements-louer-10.html","","Ngor","","","2","https://dakarvente.com/index.php?page=annonces_categorie&id=10&sort=&nb=2"
"1729547930-69","https://dakarvente.com/annonces-categorie-appartements-louer-10.html","","200 000 FCFA","","","2","https://dakarvente.com/index.php?page=annonces_categorie&id=10&sort=&nb=2"
"1729547930-70","https://dakarvente.com/annonces-categorie-appartements-louer-10.html","","Ouest Foire","","","2","https://dakarvente.com/index.php?page=annonces_categorie&id=10&sort=&nb=2"
"1729547930-71","https://dakarvente.com/annonces-categorie-appartements-louer-10.html","","200 000 FCFA","","","2","https://dakarvente.com/index.php?page=annonces_categorie&id=10&sort=&nb=2"
"1729547930-72","https://dakarvente.com/annonces-categorie-appartements-louer-10.html","","Ouest Foire","","","2","https://dakarvente.com/index.php?page=annonces_categorie&id=10&sort=&nb=2"
"1729547930-73","https://dakarvente.com/annonces-categorie-appartements-louer-10.html","","50 000 FCFA","","","2","https://dakarvente.com/index.php?page=annonces_categorie&id=10&sort=&nb=2"
"1729547930-74","https://dakarvente.com/annonces-categorie-appartements-louer-10.html","","Almadies","","","2","https://dakarvente.com/index.php?page=annonces_categorie&id=10&sort=&nb=2"
"1729547930-75","https://dakarvente.com/annonces-categorie-appartements-louer-10.html","","3 000 000 FCFA","","","2","https://dakarvente.com/index.php?page=annonces_categorie&id=10&sort=&nb=2"
"1729547930-76","https://dakarvente.com/annonces-categorie-appartements-louer-10.html","","VDN","","","2","https://dakarvente.com/index.php?page=annonces_categorie&id=10&sort=&nb=2"
"1729547930-77","https://dakarvente.com/annonces-categorie-appartements-louer-10.html","","480 000 FCFA","","","2","https://dakarvente.com/index.php?page=annonces_categorie&id=10&sort=&nb=2"
"1729547930-78","https://dakarvente.com/annonces-categorie-appartements-louer-10.html","","Almadies","","","2","https://dakarvente.com/index.php?page=annonces_categorie&id=10&sort=&nb=2"
"1729547930-79","https://dakarvente.com/annonces-categorie-appartements-louer-10.html","","250 000 FCFA","","","2","https://dakarvente.com/index.php?page=annonces_categorie&id=10&sort=&nb=2"
"1729547930-80","https://dakarvente.com/annonces-categorie-appartements-louer-10.html","","Ouest Foire","","","2","https://dakarvente.com/index.php?page=annonces_categorie&id=10&sort=&nb=2"
"1729547930-81","https://dakarvente.com/annonces-categorie-appartements-louer-10.html","","180 000 FCFA","","","2","https://dakarvente.com/index.php?page=annonces_categorie&id=10&sort=&nb=2"
"1729547930-82","https://dakarvente.com/annonces-categorie-appartements-louer-10.html","","Yoff","","","2","https://dakarvente.com/index.php?page=annonces_categorie&id=10&sort=&nb=2"
"1729547930-83","https://dakarvente.com/annonces-categorie-appartements-louer-10.html","","400 000 FCFA","","","2","https://dakarvente.com/index.php?page=annonces_categorie&id=10&sort=&nb=2"
"1729547930-84","https://dakarvente.com/annonces-categorie-appartements-louer-10.html","","Liberté 6","","","2","https://dakarvente.com/index.php?page=annonces_categorie&id=10&sort=&nb=2"
"1729547930-85","https://dakarvente.com/annonces-categorie-appartements-louer-10.html","","350 000 FCFA","","","2","https://dakarvente.com/index.php?page=annonces_categorie&id=10&sort=&nb=2"
"1729547930-86","https://dakarvente.com/annonces-categorie-appartements-louer-10.html","","Virage","","","2","https://dakarvente.com/index.php?page=annonces_categorie&id=10&sort=&nb=2"
"1729547930-87","https://dakarvente.com/annonces-categorie-appartements-louer-10.html","","600 000 FCFA","","","2","https://dakarvente.com/index.php?page=annonces_categorie&id=10&sort=&nb=2"
"1729547930-88","https://dakarvente.com/annonces-categorie-appartements-louer-10.html","","Ouakam","","","2","https://dakarvente.com/index.php?page=annonces_categorie&id=10&sort=&nb=2"
"1729547930-89","https://dakarvente.com/annonces-categorie-appartements-louer-10.html","","700 000 FCFA","","","2","https://dakarvente.com/index.php?page=annonces_categorie&id=10&sort=&nb=2"
"1729547930-90","https://dakarvente.com/annonces-categorie-appartements-louer-10.html","","Mamelles","","","2","https://dakarvente.com/index.php?page=annonces_categorie&id=10&sort=&nb=2"
"1729547930-91","https://dakarvente.com/annonces-categorie-appartements-louer-10.html","","25 000 FCFA","","","2","https://dakarvente.com/index.php?page=annonces_categorie&id=10&sort=&nb=2"
"1729547930-92","https://dakarvente.com/annonces-categorie-appartements-louer-10.html","","Keur Massar","","","2","https://dakarvente.com/index.php?page=annonces_categorie&id=10&sort=&nb=2"
"1729547930-93","https://dakarvente.com/annonces-categorie-appartements-louer-10.html","","500 000 FCFA","","","2","https://dakarvente.com/index.php?page=annonces_categorie&id=10&sort=&nb=2"
"1729547930-94","https://dakarvente.com/annonces-categorie-appartements-louer-10.html","","Ngor","","","2","https://dakarvente.com/index.php?page=annonces_categorie&id=10&sort=&nb=2"
"1729547930-95","https://dakarvente.com/annonces-categorie-appartements-louer-10.html","","55 000 FCFA","","","2","https://dakarvente.com/index.php?page=annonces_categorie&id=10&sort=&nb=2"
"1729547930-96","https://dakarvente.com/annonces-categorie-appartements-louer-10.html","","Sipres","","","2","https://dakarvente.com/index.php?page=annonces_categorie&id=10&sort=&nb=2"
"1729547930-97","https://dakarvente.com/annonces-categorie-appartements-louer-10.html","","550 000 FCFA","","","2","https://dakarvente.com/index.php?page=annonces_categorie&id=10&sort=&nb=2"
"1729547930-98","https://dakarvente.com/annonces-categorie-appartements-louer-10.html","","Yoff","","","2","https://dakarvente.com/index.php?page=annonces_categorie&id=10&sort=&nb=2"
"1729547930-99","https://dakarvente.com/annonces-categorie-appartements-louer-10.html","","110 000 FCFA","","","2","https://dakarvente.com/index.php?page=annonces_categorie&id=10&sort=&nb=2"
"1729547930-100","https://dakarvente.com/annonces-categorie-appartements-louer-10.html","","Ouest Foire","","","2","https://dakarvente.com/index.php?page=annonces_categorie&id=10&sort=&nb=2"
"1729547930-101","https://dakarvente.com/annonces-categorie-appartements-louer-10.html","","500 000 FCFA","","","2","https://dakarvente.com/index.php?page=annonces_categorie&id=10&sort=&nb=2"
"1729547930-102","https://dakarvente.com/annonces-categorie-appartements-louer-10.html","","Mamelles","","","2","https://dakarvente.com/index.php?page=annonces_categorie&id=10&sort=&nb=2"
"1729547930-103","https://dakarvente.com/annonces-categorie-appartements-louer-10.html","","570 000 FCFA","","","2","https://dakarvente.com/index.php?page=annonces_categorie&id=10&sort=&nb=2"
"1729547930-104","https://dakarvente.com/annonces-categorie-appartements-louer-10.html","","Almadies","","","2","https://dakarvente.com/index.php?page=annonces_categorie&id=10&sort=&nb=2"
"1729547930-105","https://dakarvente.com/annonces-categorie-appartements-louer-10.html","","300 000 FCFA","","","2","https://dakarvente.com/index.php?page=annonces_categorie&id=10&sort=&nb=2"
"1729547930-106","https://dakarvente.com/annonces-categorie-appartements-louer-10.html","","Ouakam","","","2","https://dakarvente.com/index.php?page=annonces_categorie&id=10&sort=&nb=2"
"1729547930-107","https://dakarvente.com/annonces-categorie-appartements-louer-10.html","","500 000 FCFA","","","2","https://dakarvente.com/index.php?page=annonces_categorie&id=10&sort=&nb=2"
"1729547930-108","https://dakarvente.com/annonces-categorie-appartements-louer-10.html","","Almadies","","","2","https://dakarvente.com/index.php?page=annonces_categorie&id=10&sort=&nb=2"
"1729547930-109","https://dakarvente.com/annonces-categorie-appartements-louer-10.html","","200 000 FCFA","","","2","https://dakarvente.com/index.php?page=annonces_categorie&id=10&sort=&nb=2"
"1729547930-110","https://dakarvente.com/annonces-categorie-appartements-louer-10.html","","Liberté 6","","","2","https://dakarvente.com/index.php?page=annonces_categorie&id=10&sort=&nb=2"
"1729547930-111","https://dakarvente.com/annonces-categorie-appartements-louer-10.html","","315 000 FCFA","","","2","https://dakarvente.com/index.php?page=annonces_categorie&id=10&sort=&nb=2"
"1729547930-112","https://dakarvente.com/annonces-categorie-appartements-louer-10.html","","Almadies","","","2","https://dakarvente.com/index.php?page=annonces_categorie&id=10&sort=&nb=2"
"1729547930-113","https://dakarvente.com/annonces-categorie-appartements-louer-10.html","","225 000 FCFA","","","2","https://dakarvente.com/index.php?page=annonces_categorie&id=10&sort=&nb=2"
"1729547930-114","https://dakarvente.com/annonces-categorie-appartements-louer-10.html","","Ouakam","","","2","https://dakarvente.com/index.php?page=annonces_categorie&id=10&sort=&nb=2"
"1729547930-115","https://dakarvente.com/annonces-categorie-appartements-louer-10.html","","300 000 FCFA","","","2","https://dakarvente.com/index.php?page=annonces_categorie&id=10&sort=&nb=2"
"1729547930-116","https://dakarvente.com/annonces-categorie-appartements-louer-10.html","","Liberté 6","","","2","https://dakarvente.com/index.php?page=annonces_categorie&id=10&sort=&nb=2"
"1729547930-117","https://dakarvente.com/annonces-categorie-appartements-louer-10.html","","40 000 FCFA","","","2","https://dakarvente.com/index.php?page=annonces_categorie&id=10&sort=&nb=2"
"1729547930-118","https://dakarvente.com/annonces-categorie-appartements-louer-10.html","","Liberté 6","","","2","https://dakarvente.com/index.php?page=annonces_categorie&id=10&sort=&nb=2"
"1729547930-119","https://dakarvente.com/annonces-categorie-appartements-louer-10.html","","250 000 FCFA","","","2","https://dakarvente.com/index.php?page=annonces_categorie&id=10&sort=&nb=2"
"1729547930-120","https://dakarvente.com/annonces-categorie-appartements-louer-10.html","","Ouest Foire","","","2","https://dakarvente.com/index.php?page=annonces_categorie&id=10&sort=&nb=2"
"1729547930-121","https://dakarvente.com/annonces-categorie-appartements-louer-10.html","","175 000 FCFA","","","2","https://dakarvente.com/index.php?page=annonces_categorie&id=10&sort=&nb=2"
"1729547930-122","https://dakarvente.com/annonces-categorie-appartements-louer-10.html","","Rufisque","","","2","https://dakarvente.com/index.php?page=annonces_categorie&id=10&sort=&nb=2"
"1729547930-123","https://dakarvente.com/annonces-categorie-appartements-louer-10.html","","","","","2","https://dakarvente.com/index.php?page=annonces_categorie&id=10&sort=&nb=2"
"1729547930-124","https://dakarvente.com/annonces-categorie-appartements-louer-10.html","","Mamelles","","","2","https://dakarvente.com/index.php?page=annonces_categorie&id=10&sort=&nb=2"
"1729547930-125","https://dakarvente.com/annonces-categorie-appartements-louer-10.html","","250 000 FCFA","","","2","https://dakarvente.com/index.php?page=annonces_categorie&id=10&sort=&nb=2"
"1729547930-126","https://dakarvente.com/annonces-categorie-appartements-louer-10.html","","Nord Foire","","","2","https://dakarvente.com/index.php?page=annonces_categorie&id=10&sort=&nb=2"
"1729547930-127","https://dakarvente.com/annonces-categorie-appartements-louer-10.html","","","400 000 FCFA","","2","https://dakarvente.com/index.php?page=annonces_categorie&id=10&sort=&nb=2"
"1729547930-128","https://dakarvente.com/annonces-categorie-appartements-louer-10.html","","","Almadies","","2","https://dakarvente.com/index.php?page=annonces_categorie&id=10&sort=&nb=2"
"1729547930-129","https://dakarvente.com/annonces-categorie-appartements-louer-10.html","","","362 000 FCFA","","2","https://dakarvente.com/index.php?page=annonces_categorie&id=10&sort=&nb=2"
"1729547930-130","https://dakarvente.com/annonces-categorie-appartements-louer-10.html","","","Almadies","","2","https://dakarvente.com/index.php?page=annonces_categorie&id=10&sort=&nb=2"
"1729547930-131","https://dakarvente.com/annonces-categorie-appartements-louer-10.html","","","150 000 FCFA","","2","https://dakarvente.com/index.php?page=annonces_categorie&id=10&sort=&nb=2"
"1729547930-132","https://dakarvente.com/annonces-categorie-appartements-louer-10.html","","","Ouest Foire","","2","https://dakarvente.com/index.php?page=annonces_categorie&id=10&sort=&nb=2"
"1729547930-133","https://dakarvente.com/annonces-categorie-appartements-louer-10.html","","","150 000 FCFA","","2","https://dakarvente.com/index.php?page=annonces_categorie&id=10&sort=&nb=2"
"1729547930-134","https://dakarvente.com/annonces-categorie-appartements-louer-10.html","","","Ouest Foire","","2","https://dakarvente.com/index.php?page=annonces_categorie&id=10&sort=&nb=2"
"1729547930-135","https://dakarvente.com/annonces-categorie-appartements-louer-10.html","","","450 000 FCFA","","2","https://dakarvente.com/index.php?page=annonces_categorie&id=10&sort=&nb=2"
"1729547930-136","https://dakarvente.com/annonces-categorie-appartements-louer-10.html","","","Mamelles","","2","https://dakarvente.com/index.php?page=annonces_categorie&id=10&sort=&nb=2"
"1729547930-137","https://dakarvente.com/annonces-categorie-appartements-louer-10.html","","","160 000 FCFA","","2","https://dakarvente.com/index.php?page=annonces_categorie&id=10&sort=&nb=2"
"1729547930-138","https://dakarvente.com/annonces-categorie-appartements-louer-10.html","","","Ouest Foire","","2","https://dakarvente.com/index.php?page=annonces_categorie&id=10&sort=&nb=2"
"1729547930-139","https://dakarvente.com/annonces-categorie-appartements-louer-10.html","","","160 000 FCFA","","2","https://dakarvente.com/index.php?page=annonces_categorie&id=10&sort=&nb=2"
"1729547930-140","https://dakarvente.com/annonces-categorie-appartements-louer-10.html","","","Ouest Foire","","2","https://dakarvente.com/index.php?page=annonces_categorie&id=10&sort=&nb=2"
"1729547930-141","https://dakarvente.com/annonces-categorie-appartements-louer-10.html","","","325 000 FCFA","","2","https://dakarvente.com/index.php?page=annonces_categorie&id=10&sort=&nb=2"
"1729547930-142","https://dakarvente.com/annonces-categorie-appartements-louer-10.html","","","Mamelles","","2","https://dakarvente.com/index.php?page=annonces_categorie&id=10&sort=&nb=2"
"1729547930-143","https://dakarvente.com/annonces-categorie-appartements-louer-10.html","","","225 000 FCFA","","2","https://dakarvente.com/index.php?page=annonces_categorie&id=10&sort=&nb=2"
"1729547930-144","https://dakarvente.com/annonces-categorie-appartements-louer-10.html","","","Ouakam","","2","https://dakarvente.com/index.php?page=annonces_categorie&id=10&sort=&nb=2"
"1729547930-145","https://dakarvente.com/annonces-categorie-appartements-louer-10.html","","","150 000 FCFA","","2","https://dakarvente.com/index.php?page=annonces_categorie&id=10&sort=&nb=2"
"1729547930-146","https://dakarvente.com/annonces-categorie-appartements-louer-10.html","","","Ouest Foire","","2","https://dakarvente.com/index.php?page=annonces_categorie&id=10&sort=&nb=2"
"1729547930-147","https://dakarvente.com/annonces-categorie-appartements-louer-10.html","","","180 000 FCFA","","2","https://dakarvente.com/index.php?page=annonces_categorie&id=10&sort=&nb=2"
"1729547930-148","https://dakarvente.com/annonces-categorie-appartements-louer-10.html","","","Yoff","","2","https://dakarvente.com/index.php?page=annonces_categorie&id=10&sort=&nb=2"
"1729547930-149","https://dakarvente.com/annonces-categorie-appartements-louer-10.html","","","1 000 000 FCFA","","2","https://dakarvente.com/index.php?page=annonces_categorie&id=10&sort=&nb=2"
"1729547930-150","https://dakarvente.com/annonces-categorie-appartements-louer-10.html","","","Point E","","2","https://dakarvente.com/index.php?page=annonces_categorie&id=10&sort=&nb=2"
"1729547930-151","https://dakarvente.com/annonces-categorie-appartements-louer-10.html","","","500 000 FCFA","","2","https://dakarvente.com/index.php?page=annonces_categorie&id=10&sort=&nb=2"
"1729547930-152","https://dakarvente.com/annonces-categorie-appartements-louer-10.html","","","Ngor","","2","https://dakarvente.com/index.php?page=annonces_categorie&id=10&sort=&nb=2"
"1729547930-153","https://dakarvente.com/annonces-categorie-appartements-louer-10.html","","","200 000 FCFA","","2","https://dakarvente.com/index.php?page=annonces_categorie&id=10&sort=&nb=2"
"1729547930-154","https://dakarvente.com/annonces-categorie-appartements-louer-10.html","","","Ouest Foire","","2","https://dakarvente.com/index.php?page=annonces_categorie&id=10&sort=&nb=2"
"1729547930-155","https://dakarvente.com/annonces-categorie-appartements-louer-10.html","","","200 000 FCFA","","2","https://dakarvente.com/index.php?page=annonces_categorie&id=10&sort=&nb=2"
"1729547930-156","https://dakarvente.com/annonces-categorie-appartements-louer-10.html","","","Ouest Foire","","2","https://dakarvente.com/index.php?page=annonces_categorie&id=10&sort=&nb=2"
"1729547930-157","https://dakarvente.com/annonces-categorie-appartements-louer-10.html","","","50 000 FCFA","","2","https://dakarvente.com/index.php?page=annonces_categorie&id=10&sort=&nb=2"
"1729547930-158","https://dakarvente.com/annonces-categorie-appartements-louer-10.html","","","Almadies","","2","https://dakarvente.com/index.php?page=annonces_categorie&id=10&sort=&nb=2"
"1729547930-159","https://dakarvente.com/annonces-categorie-appartements-louer-10.html","","","3 000 000 FCFA","","2","https://dakarvente.com/index.php?page=annonces_categorie&id=10&sort=&nb=2"
"1729547930-160","https://dakarvente.com/annonces-categorie-appartements-louer-10.html","","","VDN","","2","https://dakarvente.com/index.php?page=annonces_categorie&id=10&sort=&nb=2"
"1729547930-161","https://dakarvente.com/annonces-categorie-appartements-louer-10.html","","","480 000 FCFA","","2","https://dakarvente.com/index.php?page=annonces_categorie&id=10&sort=&nb=2"
"1729547930-162","https://dakarvente.com/annonces-categorie-appartements-louer-10.html","","","Almadies","","2","https://dakarvente.com/index.php?page=annonces_categorie&id=10&sort=&nb=2"
"1729547930-163","https://dakarvente.com/annonces-categorie-appartements-louer-10.html","","","250 000 FCFA","","2","https://dakarvente.com/index.php?page=annonces_categorie&id=10&sort=&nb=2"
"1729547930-164","https://dakarvente.com/annonces-categorie-appartements-louer-10.html","","","Ouest Foire","","2","https://dakarvente.com/index.php?page=annonces_categorie&id=10&sort=&nb=2"
"1729547930-165","https://dakarvente.com/annonces-categorie-appartements-louer-10.html","","","180 000 FCFA","","2","https://dakarvente.com/index.php?page=annonces_categorie&id=10&sort=&nb=2"
"1729547930-166","https://dakarvente.com/annonces-categorie-appartements-louer-10.html","","","Yoff","","2","https://dakarvente.com/index.php?page=annonces_categorie&id=10&sort=&nb=2"
"1729547930-167","https://dakarvente.com/annonces-categorie-appartements-louer-10.html","","","400 000 FCFA","","2","https://dakarvente.com/index.php?page=annonces_categorie&id=10&sort=&nb=2"
"1729547930-168","https://dakarvente.com/annonces-categorie-appartements-louer-10.html","","","Liberté 6","","2","https://dakarvente.com/index.php?page=annonces_categorie&id=10&sort=&nb=2"
"1729547930-169","https://dakarvente.com/annonces-categorie-appartements-louer-10.html","","","350 000 FCFA","","2","https://dakarvente.com/index.php?page=annonces_categorie&id=10&sort=&nb=2"
"1729547930-170","https://dakarvente.com/annonces-categorie-appartements-louer-10.html","","","Virage","","2","https://dakarvente.com/index.php?page=annonces_categorie&id=10&sort=&nb=2"
"1729547930-171","https://dakarvente.com/annonces-categorie-appartements-louer-10.html","","","600 000 FCFA","","2","https://dakarvente.com/index.php?page=annonces_categorie&id=10&sort=&nb=2"
"1729547930-172","https://dakarvente.com/annonces-categorie-appartements-louer-10.html","","","Ouakam","","2","https://dakarvente.com/index.php?page=annonces_categorie&id=10&sort=&nb=2"
"1729547930-173","https://dakarvente.com/annonces-categorie-appartements-louer-10.html","","","700 000 FCFA","","2","https://dakarvente.com/index.php?page=annonces_categorie&id=10&sort=&nb=2"
"1729547930-174","https://dakarvente.com/annonces-categorie-appartements-louer-10.html","","","Mamelles","","2","https://dakarvente.com/index.php?page=annonces_categorie&id=10&sort=&nb=2"
"1729547930-175","https://dakarvente.com/annonces-categorie-appartements-louer-10.html","","","25 000 FCFA","","2","https://dakarvente.com/index.php?page=annonces_categorie&id=10&sort=&nb=2"
"1729547930-176","https://dakarvente.com/annonces-categorie-appartements-louer-10.html","","","Keur Massar","","2","https://dakarvente.com/index.php?page=annonces_categorie&id=10&sort=&nb=2"
"1729547930-177","https://dakarvente.com/annonces-categorie-appartements-louer-10.html","","","500 000 FCFA","","2","https://dakarvente.com/index.php?page=annonces_categorie&id=10&sort=&nb=2"
"1729547930-178","https://dakarvente.com/annonces-categorie-appartements-louer-10.html","","","Ngor","","2","https://dakarvente.com/index.php?page=annonces_categorie&id=10&sort=&nb=2"
"1729547930-179","https://dakarvente.com/annonces-categorie-appartements-louer-10.html","","","55 000 FCFA","","2","https://dakarvente.com/index.php?page=annonces_categorie&id=10&sort=&nb=2"
"1729547930-180","https://dakarvente.com/annonces-categorie-appartements-louer-10.html","","","Sipres","","2","https://dakarvente.com/index.php?page=annonces_categorie&id=10&sort=&nb=2"
"1729547930-181","https://dakarvente.com/annonces-categorie-appartements-louer-10.html","","","550 000 FCFA","","2","https://dakarvente.com/index.php?page=annonces_categorie&id=10&sort=&nb=2"
"1729547930-182","https://dakarvente.com/annonces-categorie-appartements-louer-10.html","","","Yoff","","2","https://dakarvente.com/index.php?page=annonces_categorie&id=10&sort=&nb=2"
"1729547930-183","https://dakarvente.com/annonces-categorie-appartements-louer-10.html","","","110 000 FCFA","","2","https://dakarvente.com/index.php?page=annonces_categorie&id=10&sort=&nb=2"
"1729547930-184","https://dakarvente.com/annonces-categorie-appartements-louer-10.html","","","Ouest Foire","","2","https://dakarvente.com/index.php?page=annonces_categorie&id=10&sort=&nb=2"
"1729547930-185","https://dakarvente.com/annonces-categorie-appartements-louer-10.html","","","500 000 FCFA","","2","https://dakarvente.com/index.php?page=annonces_categorie&id=10&sort=&nb=2"
"1729547930-186","https://dakarvente.com/annonces-categorie-appartements-louer-10.html","","","Mamelles","","2","https://dakarvente.com/index.php?page=annonces_categorie&id=10&sort=&nb=2"
"1729547930-187","https://dakarvente.com/annonces-categorie-appartements-louer-10.html","","","570 000 FCFA","","2","https://dakarvente.com/index.php?page=annonces_categorie&id=10&sort=&nb=2"
"1729547930-188","https://dakarvente.com/annonces-categorie-appartements-louer-10.html","","","Almadies","","2","https://dakarvente.com/index.php?page=annonces_categorie&id=10&sort=&nb=2"
"1729547930-189","https://dakarvente.com/annonces-categorie-appartements-louer-10.html","","","300 000 FCFA","","2","https://dakarvente.com/index.php?page=annonces_categorie&id=10&sort=&nb=2"
"1729547930-190","https://dakarvente.com/annonces-categorie-appartements-louer-10.html","","","Ouakam","","2","https://dakarvente.com/index.php?page=annonces_categorie&id=10&sort=&nb=2"
"1729547930-191","https://dakarvente.com/annonces-categorie-appartements-louer-10.html","","","500 000 FCFA","","2","https://dakarvente.com/index.php?page=annonces_categorie&id=10&sort=&nb=2"
"1729547930-192","https://dakarvente.com/annonces-categorie-appartements-louer-10.html","","","Almadies","","2","https://dakarvente.com/index.php?page=annonces_categorie&id=10&sort=&nb=2"
"1729547930-193","https://dakarvente.com/annonces-categorie-appartements-louer-10.html","","","200 000 FCFA","","2","https://dakarvente.com/index.php?page=annonces_categorie&id=10&sort=&nb=2"
"1729547930-194","https://dakarvente.com/annonces-categorie-appartements-louer-10.html","","","Liberté 6","","2","https://dakarvente.com/index.php?page=annonces_categorie&id=10&sort=&nb=2"
"1729547930-195","https://dakarvente.com/annonces-categorie-appartements-louer-10.html","","","315 000 FCFA","","2","https://dakarvente.com/index.php?page=annonces_categorie&id=10&sort=&nb=2"
"1729547930-196","https://dakarvente.com/annonces-categorie-appartements-louer-10.html","","","Almadies","","2","https://dakarvente.com/index.php?page=annonces_categorie&id=10&sort=&nb=2"
"1729547930-197","https://dakarvente.com/annonces-categorie-appartements-louer-10.html","","","225 000 FCFA","","2","https://dakarvente.com/index.php?page=annonces_categorie&id=10&sort=&nb=2"
"1729547930-198","https://dakarvente.com/annonces-categorie-appartements-louer-10.html","","","Ouakam","","2","https://dakarvente.com/index.php?page=annonces_categorie&id=10&sort=&nb=2"
"1729547930-199","https://dakarvente.com/annonces-categorie-appartements-louer-10.html","","","300 000 FCFA","","2","https://dakarvente.com/index.php?page=annonces_categorie&id=10&sort=&nb=2"
"1729547930-200","https://dakarvente.com/annonces-categorie-appartements-louer-10.html","","","Liberté 6","","2","https://dakarvente.com/index.php?page=annonces_categorie&id=10&sort=&nb=2"
"1729547930-201","https://dakarvente.com/annonces-categorie-appartements-louer-10.html","","","40 000 FCFA","","2","https://dakarvente.com/index.php?page=annonces_categorie&id=10&sort=&nb=2"
"1729547930-202","https://dakarvente.com/annonces-categorie-appartements-louer-10.html","","","Liberté 6","","2","https://dakarvente.com/index.php?page=annonces_categorie&id=10&sort=&nb=2"
"1729547930-203","https://dakarvente.com/annonces-categorie-appartements-louer-10.html","","","250 000 FCFA","","2","https://dakarvente.com/index.php?page=annonces_categorie&id=10&sort=&nb=2"
"1729547930-204","https://dakarvente.com/annonces-categorie-appartements-louer-10.html","","","Ouest Foire","","2","https://dakarvente.com/index.php?page=annonces_categorie&id=10&sort=&nb=2"
"1729547930-205","https://dakarvente.com/annonces-categorie-appartements-louer-10.html","","","175 000 FCFA","","2","https://dakarvente.com/index.php?page=annonces_categorie&id=10&sort=&nb=2"
"1729547930-206","https://dakarvente.com/annonces-categorie-appartements-louer-10.html","","","Rufisque","","2","https://dakarvente.com/index.php?page=annonces_categorie&id=10&sort=&nb=2"
"1729547930-207","https://dakarvente.com/annonces-categorie-appartements-louer-10.html","","","","","2","https://dakarvente.com/index.php?page=annonces_categorie&id=10&sort=&nb=2"
"1729547930-208","https://dakarvente.com/annonces-categorie-appartements-louer-10.html","","","Mamelles","","2","https://dakarvente.com/index.php?page=annonces_categorie&id=10&sort=&nb=2"
"1729547930-209","https://dakarvente.com/annonces-categorie-appartements-louer-10.html","","","250 000 FCFA","","2","https://dakarvente.com/index.php?page=annonces_categorie&id=10&sort=&nb=2"
"1729547930-210","https://dakarvente.com/annonces-categorie-appartements-louer-10.html","","","Nord Foire","","2","https://dakarvente.com/index.php?page=annonces_categorie&id=10&sort=&nb=2"
"1729547930-211","https://dakarvente.com/annonces-categorie-appartements-louer-10.html","","","","","2","https://dakarvente.com/index.php?page=annonces_categorie&id=10&sort=&nb=2"
"1729547930-212","https://dakarvente.com/annonces-categorie-appartements-louer-10.html","","","","","2","https://dakarvente.com/index.php?page=annonces_categorie&id=10&sort=&nb=2"
"1729547930-213","https://dakarvente.com/annonces-categorie-appartements-louer-10.html","","","","","2","https://dakarvente.com/index.php?page=annonces_categorie&id=10&sort=&nb=2"
"1729547930-214","https://dakarvente.com/annonces-categorie-appartements-louer-10.html","","","","","2","https://dakarvente.com/index.php?page=annonces_categorie&id=10&sort=&nb=2"
"1729547930-215","https://dakarvente.com/annonces-categorie-appartements-louer-10.html","","","","","2","https://dakarvente.com/index.php?page=annonces_categorie&id=10&sort=&nb=2"
"1729547930-216","https://dakarvente.com/annonces-categorie-appartements-louer-10.html","","","","","2","https://dakarvente.com/index.php?page=annonces_categorie&id=10&sort=&nb=2"
"1729547930-217","https://dakarvente.com/annonces-categorie-appartements-louer-10.html","","","","","2","https://dakarvente.com/index.php?page=annonces_categorie&id=10&sort=&nb=2"
"1729547930-218","https://dakarvente.com/annonces-categorie-appartements-louer-10.html","","","","","2","https://dakarvente.com/index.php?page=annonces_categorie&id=10&sort=&nb=2"
"1729547930-219","https://dakarvente.com/annonces-categorie-appartements-louer-10.html","","","","","2","https://dakarvente.com/index.php?page=annonces_categorie&id=10&sort=&nb=2"
"1729547930-220","https://dakarvente.com/annonces-categorie-appartements-louer-10.html","","","","","2","https://dakarvente.com/index.php?page=annonces_categorie&id=10&sort=&nb=2"
"1729547930-221","https://dakarvente.com/annonces-categorie-appartements-louer-10.html","","","","","2","https://dakarvente.com/index.php?page=annonces_categorie&id=10&sort=&nb=2"
"1729547930-222","https://dakarvente.com/annonces-categorie-appartements-louer-10.html","","","","","2","https://dakarvente.com/index.php?page=annonces_categorie&id=10&sort=&nb=2"
"1729547930-223","https://dakarvente.com/annonces-categorie-appartements-louer-10.html","","","","","2","https://dakarvente.com/index.php?page=annonces_categorie&id=10&sort=&nb=2"
"1729547930-224","https://dakarvente.com/annonces-categorie-appartements-louer-10.html","","","","","2","https://dakarvente.com/index.php?page=annonces_categorie&id=10&sort=&nb=2"
"1729547930-225","https://dakarvente.com/annonces-categorie-appartements-louer-10.html","","","","","2","https://dakarvente.com/index.php?page=annonces_categorie&id=10&sort=&nb=2"
"1729547930-226","https://dakarvente.com/annonces-categorie-appartements-louer-10.html","","","","","2","https://dakarvente.com/index.php?page=annonces_categorie&id=10&sort=&nb=2"
"1729547930-227","https://dakarvente.com/annonces-categorie-appartements-louer-10.html","","","","","2","https://dakarvente.com/index.php?page=annonces_categorie&id=10&sort=&nb=2"
"1729547930-228","https://dakarvente.com/annonces-categorie-appartements-louer-10.html","","","","","2","https://dakarvente.com/index.php?page=annonces_categorie&id=10&sort=&nb=2"
"1729547930-229","https://dakarvente.com/annonces-categorie-appartements-louer-10.html","","","","","2","https://dakarvente.com/index.php?page=annonces_categorie&id=10&sort=&nb=2"
"1729547930-230","https://dakarvente.com/annonces-categorie-appartements-louer-10.html","","","","","2","https://dakarvente.com/index.php?page=annonces_categorie&id=10&sort=&nb=2"
"1729547930-231","https://dakarvente.com/annonces-categorie-appartements-louer-10.html","","","","","2","https://dakarvente.com/index.php?page=annonces_categorie&id=10&sort=&nb=2"
"1729547930-232","https://dakarvente.com/annonces-categorie-appartements-louer-10.html","","","","","2","https://dakarvente.com/index.php?page=annonces_categorie&id=10&sort=&nb=2"
"1729547930-233","https://dakarvente.com/annonces-categorie-appartements-louer-10.html","","","","","2","https://dakarvente.com/index.php?page=annonces_categorie&id=10&sort=&nb=2"
"1729547930-234","https://dakarvente.com/annonces-categorie-appartements-louer-10.html","","","","","2","https://dakarvente.com/index.php?page=annonces_categorie&id=10&sort=&nb=2"
"1729547930-235","https://dakarvente.com/annonces-categorie-appartements-louer-10.html","","","","","2","https://dakarvente.com/index.php?page=annonces_categorie&id=10&sort=&nb=2"
"1729547930-236","https://dakarvente.com/annonces-categorie-appartements-louer-10.html","","","","","2","https://dakarvente.com/index.php?page=annonces_categorie&id=10&sort=&nb=2"
"1729547930-237","https://dakarvente.com/annonces-categorie-appartements-louer-10.html","","","","","2","https://dakarvente.com/index.php?page=annonces_categorie&id=10&sort=&nb=2"
"1729547930-238","https://dakarvente.com/annonces-categorie-appartements-louer-10.html","","","","","2","https://dakarvente.com/index.php?page=annonces_categorie&id=10&sort=&nb=2"
"1729547930-239","https://dakarvente.com/annonces-categorie-appartements-louer-10.html","","","","","2","https://dakarvente.com/index.php?page=annonces_categorie&id=10&sort=&nb=2"
"1729547930-240","https://dakarvente.com/annonces-categorie-appartements-louer-10.html","","","","","2","https://dakarvente.com/index.php?page=annonces_categorie&id=10&sort=&nb=2"
"1729547930-241","https://dakarvente.com/annonces-categorie-appartements-louer-10.html","","","","","2","https://dakarvente.com/index.php?page=annonces_categorie&id=10&sort=&nb=2"
"1729547930-242","https://dakarvente.com/annonces-categorie-appartements-louer-10.html","","","","","2","https://dakarvente.com/index.php?page=annonces_categorie&id=10&sort=&nb=2"
"1729547930-243","https://dakarvente.com/annonces-categorie-appartements-louer-10.html","","","","","2","https://dakarvente.com/index.php?page=annonces_categorie&id=10&sort=&nb=2"
"1729547930-244","https://dakarvente.com/annonces-categorie-appartements-louer-10.html","","","","","2","https://dakarvente.com/index.php?page=annonces_categorie&id=10&sort=&nb=2"
"1729547930-245","https://dakarvente.com/annonces-categorie-appartements-louer-10.html","","","","","2","https://dakarvente.com/index.php?page=annonces_categorie&id=10&sort=&nb=2"
"1729547930-246","https://dakarvente.com/annonces-categorie-appartements-louer-10.html","","","","","2","https://dakarvente.com/index.php?page=annonces_categorie&id=10&sort=&nb=2"
"1729547930-247","https://dakarvente.com/annonces-categorie-appartements-louer-10.html","","","","","2","https://dakarvente.com/index.php?page=annonces_categorie&id=10&sort=&nb=2"
"1729547930-248","https://dakarvente.com/annonces-categorie-appartements-louer-10.html","","","","","2","https://dakarvente.com/index.php?page=annonces_categorie&id=10&sort=&nb=2"
"1729547930-249","https://dakarvente.com/annonces-categorie-appartements-louer-10.html","","","","","2","https://dakarvente.com/index.php?page=annonces_categorie&id=10&sort=&nb=2"
"1729547930-250","https://dakarvente.com/annonces-categorie-appartements-louer-10.html","","","","","2","https://dakarvente.com/index.php?page=annonces_categorie&id=10&sort=&nb=2"
"1729547930-251","https://dakarvente.com/annonces-categorie-appartements-louer-10.html","","","","","2","https://dakarvente.com/index.php?page=annonces_categorie&id=10&sort=&nb=2"
"1729547930-252","https://dakarvente.com/annonces-categorie-appartements-louer-10.html","","","","","2","https://dakarvente.com/index.php?page=annonces_categorie&id=10&sort=&nb=2"
"1729547930-253","https://dakarvente.com/annonces-categorie-appartements-louer-10.html","","","","","2","https://dakarvente.com/index.php?page=annonces_categorie&id=10&sort=&nb=2"
"1729547930-254","https://dakarvente.com/annonces-categorie-appartements-louer-10.html","","","","","2","https://dakarvente.com/index.php?page=annonces_categorie&id=10&sort=&nb=2"
"1729547930-255","https://dakarvente.com/annonces-categorie-appartements-louer-10.html","","","","","2","https://dakarvente.com/index.php?page=annonces_categorie&id=10&sort=&nb=2"
"1729547930-256","https://dakarvente.com/annonces-categorie-appartements-louer-10.html","","","","","2","https://dakarvente.com/index.php?page=annonces_categorie&id=10&sort=&nb=2"
"1729547930-257","https://dakarvente.com/annonces-categorie-appartements-louer-10.html","","","","","2","https://dakarvente.com/index.php?page=annonces_categorie&id=10&sort=&nb=2"
"1729547930-258","https://dakarvente.com/annonces-categorie-appartements-louer-10.html","","","","","2","https://dakarvente.com/index.php?page=annonces_categorie&id=10&sort=&nb=2"
"1729547930-259","https://dakarvente.com/annonces-categorie-appartements-louer-10.html","","","","","2","https://dakarvente.com/index.php?page=annonces_categorie&id=10&sort=&nb=2"
"1729547930-260","https://dakarvente.com/annonces-categorie-appartements-louer-10.html","","","","","2","https://dakarvente.com/index.php?page=annonces_categorie&id=10&sort=&nb=2"
"1729547930-261","https://dakarvente.com/annonces-categorie-appartements-louer-10.html","","","","","2","https://dakarvente.com/index.php?page=annonces_categorie&id=10&sort=&nb=2"
"1729547930-262","https://dakarvente.com/annonces-categorie-appartements-louer-10.html","","","","","2","https://dakarvente.com/index.php?page=annonces_categorie&id=10&sort=&nb=2"
"1729547930-263","https://dakarvente.com/annonces-categorie-appartements-louer-10.html","","","","","2","https://dakarvente.com/index.php?page=annonces_categorie&id=10&sort=&nb=2"
"1729547930-264","https://dakarvente.com/annonces-categorie-appartements-louer-10.html","","","","","2","https://dakarvente.com/index.php?page=annonces_categorie&id=10&sort=&nb=2"
"1729547930-265","https://dakarvente.com/annonces-categorie-appartements-louer-10.html","","","","","2","https://dakarvente.com/index.php?page=annonces_categorie&id=10&sort=&nb=2"
"1729547930-266","https://dakarvente.com/annonces-categorie-appartements-louer-10.html","","","","","2","https://dakarvente.com/index.php?page=annonces_categorie&id=10&sort=&nb=2"
"1729547930-267","https://dakarvente.com/annonces-categorie-appartements-louer-10.html","","","","","2","https://dakarvente.com/index.php?page=annonces_categorie&id=10&sort=&nb=2"
"1729547930-268","https://dakarvente.com/annonces-categorie-appartements-louer-10.html","","","","","2","https://dakarvente.com/index.php?page=annonces_categorie&id=10&sort=&nb=2"
"1729547930-269","https://dakarvente.com/annonces-categorie-appartements-louer-10.html","","","","","2","https://dakarvente.com/index.php?page=annonces_categorie&id=10&sort=&nb=2"
"1729547930-270","https://dakarvente.com/annonces-categorie-appartements-louer-10.html","","","","","2","https://dakarvente.com/index.php?page=annonces_categorie&id=10&sort=&nb=2"
"1729547930-271","https://dakarvente.com/annonces-categorie-appartements-louer-10.html","","","","","2","https://dakarvente.com/index.php?page=annonces_categorie&id=10&sort=&nb=2"
"1729547930-272","https://dakarvente.com/annonces-categorie-appartements-louer-10.html","","","","","2","https://dakarvente.com/index.php?page=annonces_categorie&id=10&sort=&nb=2"
"1729547930-273","https://dakarvente.com/annonces-categorie-appartements-louer-10.html","","","","","2","https://dakarvente.com/index.php?page=annonces_categorie&id=10&sort=&nb=2"
"1729547930-274","https://dakarvente.com/annonces-categorie-appartements-louer-10.html","","","","","2","https://dakarvente.com/index.php?page=annonces_categorie&id=10&sort=&nb=2"
"1729547930-275","https://dakarvente.com/annonces-categorie-appartements-louer-10.html","","","","","2","https://dakarvente.com/index.php?page=annonces_categorie&id=10&sort=&nb=2"
"1729547930-276","https://dakarvente.com/annonces-categorie-appartements-louer-10.html","","","","","2","https://dakarvente.com/index.php?page=annonces_categorie&id=10&sort=&nb=2"
"1729547930-277","https://dakarvente.com/annonces-categorie-appartements-louer-10.html","","","","","2","https://dakarvente.com/index.php?page=annonces_categorie&id=10&sort=&nb=2"
"1729547930-278","https://dakarvente.com/annonces-categorie-appartements-louer-10.html","","","","","2","https://dakarvente.com/index.php?page=annonces_categorie&id=10&sort=&nb=2"
"1729547930-279","https://dakarvente.com/annonces-categorie-appartements-louer-10.html","","","","","2","https://dakarvente.com/index.php?page=annonces_categorie&id=10&sort=&nb=2"
"1729547930-280","https://dakarvente.com/annonces-categorie-appartements-louer-10.html","","","","","2","https://dakarvente.com/index.php?page=annonces_categorie&id=10&sort=&nb=2"
"1729547930-281","https://dakarvente.com/annonces-categorie-appartements-louer-10.html","","","","","2","https://dakarvente.com/index.php?page=annonces_categorie&id=10&sort=&nb=2"
"1729547930-282","https://dakarvente.com/annonces-categorie-appartements-louer-10.html","","","","","2","https://dakarvente.com/index.php?page=annonces_categorie&id=10&sort=&nb=2"
"1729547930-283","https://dakarvente.com/annonces-categorie-appartements-louer-10.html","","","","","2","https://dakarvente.com/index.php?page=annonces_categorie&id=10&sort=&nb=2"
"1729547930-284","https://dakarvente.com/annonces-categorie-appartements-louer-10.html","","","","","2","https://dakarvente.com/index.php?page=annonces_categorie&id=10&sort=&nb=2"
"1729547930-285","https://dakarvente.com/annonces-categorie-appartements-louer-10.html","","","","","2","https://dakarvente.com/index.php?page=annonces_categorie&id=10&sort=&nb=2"
"1729547930-286","https://dakarvente.com/annonces-categorie-appartements-louer-10.html","","","","","2","https://dakarvente.com/index.php?page=annonces_categorie&id=10&sort=&nb=2"
"1729547930-287","https://dakarvente.com/annonces-categorie-appartements-louer-10.html","","","","","2","https://dakarvente.com/index.php?page=annonces_categorie&id=10&sort=&nb=2"
"1729547930-288","https://dakarvente.com/annonces-categorie-appartements-louer-10.html","","","","","2","https://dakarvente.com/index.php?page=annonces_categorie&id=10&sort=&nb=2"
"1729547930-289","https://dakarvente.com/annonces-categorie-appartements-louer-10.html","","","","","2","https://dakarvente.com/index.php?page=annonces_categorie&id=10&sort=&nb=2"
"1729547930-290","https://dakarvente.com/annonces-categorie-appartements-louer-10.html","","","","","2","https://dakarvente.com/index.php?page=annonces_categorie&id=10&sort=&nb=2"
"1729547930-291","https://dakarvente.com/annonces-categorie-appartements-louer-10.html","","","","","2","https://dakarvente.com/index.php?page=annonces_categorie&id=10&sort=&nb=2"
"1729547930-292","https://dakarvente.com/annonces-categorie-appartements-louer-10.html","","","","","2","https://dakarvente.com/index.php?page=annonces_categorie&id=10&sort=&nb=2"
"1729547930-293","https://dakarvente.com/annonces-categorie-appartements-louer-10.html","","","","","2","https://dakarvente.com/index.php?page=annonces_categorie&id=10&sort=&nb=2"
"1729547930-294","https://dakarvente.com/annonces-categorie-appartements-louer-10.html","","","","","2","https://dakarvente.com/index.php?page=annonces_categorie&id=10&sort=&nb=2"
"1729547930-295","https://dakarvente.com/annonces-categorie-appartements-louer-10.html","","","","","2","https://dakarvente.com/index.php?page=annonces_categorie&id=10&sort=&nb=2"
"1729547930-296","https://dakarvente.com/annonces-categorie-appartements-louer-10.html","","","","","2","https://dakarvente.com/index.php?page=annonces_categorie&id=10&sort=&nb=2"
"1729547930-297","https://dakarvente.com/annonces-categorie-appartements-louer-10.html","","","","","2","https://dakarvente.com/index.php?page=annonces_categorie&id=10&sort=&nb=2"
"1729547930-298","https://dakarvente.com/annonces-categorie-appartements-louer-10.html","","","","","2","https://dakarvente.com/index.php?page=annonces_categorie&id=10&sort=&nb=2"
"1729547930-299","https://dakarvente.com/annonces-categorie-appartements-louer-10.html","","","","","2","https://dakarvente.com/index.php?page=annonces_categorie&id=10&sort=&nb=2"
"1729547930-300","https://dakarvente.com/annonces-categorie-appartements-louer-10.html","","","","","2","https://dakarvente.com/index.php?page=annonces_categorie&id=10&sort=&nb=2"
"1729547930-301","https://dakarvente.com/annonces-categorie-appartements-louer-10.html","","","","","2","https://dakarvente.com/index.php?page=annonces_categorie&id=10&sort=&nb=2"
"1729547930-302","https://dakarvente.com/annonces-categorie-appartements-louer-10.html","","","","","2","https://dakarvente.com/index.php?page=annonces_categorie&id=10&sort=&nb=2"
"1729547930-303","https://dakarvente.com/annonces-categorie-appartements-louer-10.html","","","","","2","https://dakarvente.com/index.php?page=annonces_categorie&id=10&sort=&nb=2"
"1729547930-304","https://dakarvente.com/annonces-categorie-appartements-louer-10.html","","","","","2","https://dakarvente.com/index.php?page=annonces_categorie&id=10&sort=&nb=2"
"1729547930-305","https://dakarvente.com/annonces-categorie-appartements-louer-10.html","","","","","2","https://dakarvente.com/index.php?page=annonces_categorie&id=10&sort=&nb=2"
"1729547930-306","https://dakarvente.com/annonces-categorie-appartements-louer-10.html","","","","","2","https://dakarvente.com/index.php?page=annonces_categorie&id=10&sort=&nb=2"
"1729547930-307","https://dakarvente.com/annonces-categorie-appartements-louer-10.html","","","","","2","https://dakarvente.com/index.php?page=annonces_categorie&id=10&sort=&nb=2"
"1729547930-308","https://dakarvente.com/annonces-categorie-appartements-louer-10.html","","","","","2","https://dakarvente.com/index.php?page=annonces_categorie&id=10&sort=&nb=2"
"1729547930-309","https://dakarvente.com/annonces-categorie-appartements-louer-10.html","","","","","2","https://dakarvente.com/index.php?page=annonces_categorie&id=10&sort=&nb=2"
"1729547930-310","https://dakarvente.com/annonces-categorie-appartements-louer-10.html","","","","","2","https://dakarvente.com/index.php?page=annonces_categorie&id=10&sort=&nb=2"
"1729547930-311","https://dakarvente.com/annonces-categorie-appartements-louer-10.html","","","","","2","https://dakarvente.com/index.php?page=annonces_categorie&id=10&sort=&nb=2"
"1729547930-312","https://dakarvente.com/annonces-categorie-appartements-louer-10.html","","","","","2","https://dakarvente.com/index.php?page=annonces_categorie&id=10&sort=&nb=2"
"1729547930-313","https://dakarvente.com/annonces-categorie-appartements-louer-10.html","","","","","2","https://dakarvente.com/index.php?page=annonces_categorie&id=10&sort=&nb=2"
"1729547930-314","https://dakarvente.com/annonces-categorie-appartements-louer-10.html","","","","","2","https://dakarvente.com/index.php?page=annonces_categorie&id=10&sort=&nb=2"
"1729547930-315","https://dakarvente.com/annonces-categorie-appartements-louer-10.html","","","","","2","https://dakarvente.com/index.php?page=annonces_categorie&id=10&sort=&nb=2"
"1729547930-316","https://dakarvente.com/annonces-categorie-appartements-louer-10.html","","","","","2","https://dakarvente.com/index.php?page=annonces_categorie&id=10&sort=&nb=2"
"1729547930-317","https://dakarvente.com/annonces-categorie-appartements-louer-10.html","","","","","2","https://dakarvente.com/index.php?page=annonces_categorie&id=10&sort=&nb=2"
"1729547930-318","https://dakarvente.com/annonces-categorie-appartements-louer-10.html","","","","","2","https://dakarvente.com/index.php?page=annonces_categorie&id=10&sort=&nb=2"
"1729547930-319","https://dakarvente.com/annonces-categorie-appartements-louer-10.html","","","","","2","https://dakarvente.com/index.php?page=annonces_categorie&id=10&sort=&nb=2"
"1729547930-320","https://dakarvente.com/annonces-categorie-appartements-louer-10.html","","","","","2","https://dakarvente.com/index.php?page=annonces_categorie&id=10&sort=&nb=2"
"1729547930-321","https://dakarvente.com/annonces-categorie-appartements-louer-10.html","","","","","2","https://dakarvente.com/index.php?page=annonces_categorie&id=10&sort=&nb=2"
"1729547930-322","https://dakarvente.com/annonces-categorie-appartements-louer-10.html","","","","","2","https://dakarvente.com/index.php?page=annonces_categorie&id=10&sort=&nb=2"
"1729547930-323","https://dakarvente.com/annonces-categorie-appartements-louer-10.html","","","","","2","https://dakarvente.com/index.php?page=annonces_categorie&id=10&sort=&nb=2"
"1729547930-324","https://dakarvente.com/annonces-categorie-appartements-louer-10.html","","","","","2","https://dakarvente.com/index.php?page=annonces_categorie&id=10&sort=&nb=2"
"1729547930-325","https://dakarvente.com/annonces-categorie-appartements-louer-10.html","","","","","2","https://dakarvente.com/index.php?page=annonces_categorie&id=10&sort=&nb=2"
"1729547930-326","https://dakarvente.com/annonces-categorie-appartements-louer-10.html","","","","","2","https://dakarvente.com/index.php?page=annonces_categorie&id=10&sort=&nb=2"
"1729547930-327","https://dakarvente.com/annonces-categorie-appartements-louer-10.html","","","","","2","https://dakarvente.com/index.php?page=annonces_categorie&id=10&sort=&nb=2"
"1729547930-328","https://dakarvente.com/annonces-categorie-appartements-louer-10.html","","","","","2","https://dakarvente.com/index.php?page=annonces_categorie&id=10&sort=&nb=2"
"1729547930-329","https://dakarvente.com/annonces-categorie-appartements-louer-10.html","","","","","2","https://dakarvente.com/index.php?page=annonces_categorie&id=10&sort=&nb=2"
"1729547930-330","https://dakarvente.com/annonces-categorie-appartements-louer-10.html","","","","","2","https://dakarvente.com/index.php?page=annonces_categorie&id=10&sort=&nb=2"
"1729547930-331","https://dakarvente.com/annonces-categorie-appartements-louer-10.html","","","","","2","https://dakarvente.com/index.php?page=annonces_categorie&id=10&sort=&nb=2"
"1729547930-332","https://dakarvente.com/annonces-categorie-appartements-louer-10.html","","","","","2","https://dakarvente.com/index.php?page=annonces_categorie&id=10&sort=&nb=2"
"1729547930-333","https://dakarvente.com/annonces-categorie-appartements-louer-10.html","","","","","2","https://dakarvente.com/index.php?page=annonces_categorie&id=10&sort=&nb=2"
"1729547930-334","https://dakarvente.com/annonces-categorie-appartements-louer-10.html","","","","","2","https://dakarvente.com/index.php?page=annonces_categorie&id=10&sort=&nb=2"
"1729547930-335","https://dakarvente.com/annonces-categorie-appartements-louer-10.html","","","","","2","https://dakarvente.com/index.php?page=annonces_categorie&id=10&sort=&nb=2"
"1729547930-336","https://dakarvente.com/annonces-categorie-appartements-louer-10.html","","","","","2","https://dakarvente.com/index.php?page=annonces_categorie&id=10&sort=&nb=2"
"1729547930-337","https://dakarvente.com/annonces-categorie-appartements-louer-10.html","","","","","2","https://dakarvente.com/index.php?page=annonces_categorie&id=10&sort=&nb=2"
"1729547930-338","https://dakarvente.com/annonces-categorie-appartements-louer-10.html","","","","","2","https://dakarvente.com/index.php?page=annonces_categorie&id=10&sort=&nb=2"
"1729547930-339","https://dakarvente.com/annonces-categorie-appartements-louer-10.html","","","","","2","https://dakarvente.com/index.php?page=annonces_categorie&id=10&sort=&nb=2"
"1729547930-340","https://dakarvente.com/annonces-categorie-appartements-louer-10.html","","","","","2","https://dakarvente.com/index.php?page=annonces_categorie&id=10&sort=&nb=2"
"1729547930-341","https://dakarvente.com/annonces-categorie-appartements-louer-10.html","","","","","2","https://dakarvente.com/index.php?page=annonces_categorie&id=10&sort=&nb=2"
"1729547930-342","https://dakarvente.com/annonces-categorie-appartements-louer-10.html","","","","","2","https://dakarvente.com/index.php?page=annonces_categorie&id=10&sort=&nb=2"
"1729547930-343","https://dakarvente.com/annonces-categorie-appartements-louer-10.html","","","","","2","https://dakarvente.com/index.php?page=annonces_categorie&id=10&sort=&nb=2"
"1729547930-344","https://dakarvente.com/annonces-categorie-appartements-louer-10.html","","","","","2","https://dakarvente.com/index.php?page=annonces_categorie&id=10&sort=&nb=2"
"1729547930-345","https://dakarvente.com/annonces-categorie-appartements-louer-10.html","","","","","2","https://dakarvente.com/index.php?page=annonces_categorie&id=10&sort=&nb=2"
"1729547930-346","https://dakarvente.com/annonces-categorie-appartements-louer-10.html","","","","","2","https://dakarvente.com/index.php?page=annonces_categorie&id=10&sort=&nb=2"
"1729547930-347","https://dakarvente.com/annonces-categorie-appartements-louer-10.html","","","","","2","https://dakarvente.com/index.php?page=annonces_categorie&id=10&sort=&nb=2"
"1729547930-348","https://dakarvente.com/annonces-categorie-appartements-louer-10.html","","","","","2","https://dakarvente.com/index.php?page=annonces_categorie&id=10&sort=&nb=2"
"1729547930-349","https://dakarvente.com/annonces-categorie-appartements-louer-10.html","","","","","2","https://dakarvente.com/index.php?page=annonces_categorie&id=10&sort=&nb=2"
"1729547930-350","https://dakarvente.com/annonces-categorie-appartements-louer-10.html","","","","","2","https://dakarvente.com/index.php?page=annonces_categorie&id=10&sort=&nb=2"
"1729547930-351","https://dakarvente.com/annonces-categorie-appartements-louer-10.html","","","","","2","https://dakarvente.com/index.php?page=annonces_categorie&id=10&sort=&nb=2"
"1729547930-352","https://dakarvente.com/annonces-categorie-appartements-louer-10.html","","","","","2","https://dakarvente.com/index.php?page=annonces_categorie&id=10&sort=&nb=2"
"1729547930-353","https://dakarvente.com/annonces-categorie-appartements-louer-10.html","","","","","2","https://dakarvente.com/index.php?page=annonces_categorie&id=10&sort=&nb=2"
"1729547930-354","https://dakarvente.com/annonces-categorie-appartements-louer-10.html","","","","","2","https://dakarvente.com/index.php?page=annonces_categorie&id=10&sort=&nb=2"
"1729547930-355","https://dakarvente.com/annonces-categorie-appartements-louer-10.html","","","","","2","https://dakarvente.com/index.php?page=annonces_categorie&id=10&sort=&nb=2"
"1729547930-356","https://dakarvente.com/annonces-categorie-appartements-louer-10.html","","","","","2","https://dakarvente.com/index.php?page=annonces_categorie&id=10&sort=&nb=2"
"1729547930-357","https://dakarvente.com/annonces-categorie-appartements-louer-10.html","","","","","2","https://dakarvente.com/index.php?page=annonces_categorie&id=10&sort=&nb=2"
"1729547930-358","https://dakarvente.com/annonces-categorie-appartements-louer-10.html","","","","","2","https://dakarvente.com/index.php?page=annonces_categorie&id=10&sort=&nb=2"
"1729547930-359","https://dakarvente.com/annonces-categorie-appartements-louer-10.html","","","","","2","https://dakarvente.com/index.php?page=annonces_categorie&id=10&sort=&nb=2"
"1729547930-360","https://dakarvente.com/annonces-categorie-appartements-louer-10.html","","","","","2","https://dakarvente.com/index.php?page=annonces_categorie&id=10&sort=&nb=2"
"1729547930-361","https://dakarvente.com/annonces-categorie-appartements-louer-10.html","","","","","2","https://dakarvente.com/index.php?page=annonces_categorie&id=10&sort=&nb=2"
"1729547930-362","https://dakarvente.com/annonces-categorie-appartements-louer-10.html","","","","","2","https://dakarvente.com/index.php?page=annonces_categorie&id=10&sort=&nb=2"
"1729547930-363","https://dakarvente.com/annonces-categorie-appartements-louer-10.html","","","","","2","https://dakarvente.com/index.php?page=annonces_categorie&id=10&sort=&nb=2"
"1729547930-364","https://dakarvente.com/annonces-categorie-appartements-louer-10.html","","","","","2","https://dakarvente.com/index.php?page=annonces_categorie&id=10&sort=&nb=2"
"1729547930-365","https://dakarvente.com/annonces-categorie-appartements-louer-10.html","","","","","2","https://dakarvente.com/index.php?page=annonces_categorie&id=10&sort=&nb=2"
"1729547930-366","https://dakarvente.com/annonces-categorie-appartements-louer-10.html","","","","","2","https://dakarvente.com/index.php?page=annonces_categorie&id=10&sort=&nb=2"
"1729547930-367","https://dakarvente.com/annonces-categorie-appartements-louer-10.html","","","","","2","https://dakarvente.com/index.php?page=annonces_categorie&id=10&sort=&nb=2"
"1729547930-368","https://dakarvente.com/annonces-categorie-appartements-louer-10.html","","","","","2","https://dakarvente.com/index.php?page=annonces_categorie&id=10&sort=&nb=2"
"1729547930-369","https://dakarvente.com/annonces-categorie-appartements-louer-10.html","","","","","2","https://dakarvente.com/index.php?page=annonces_categorie&id=10&sort=&nb=2"
"1729547930-370","https://dakarvente.com/annonces-categorie-appartements-louer-10.html","","","","","2","https://dakarvente.com/index.php?page=annonces_categorie&id=10&sort=&nb=2"
"1729547930-371","https://dakarvente.com/annonces-categorie-appartements-louer-10.html","","","","","2","https://dakarvente.com/index.php?page=annonces_categorie&id=10&sort=&nb=2"
"1729547930-372","https://dakarvente.com/annonces-categorie-appartements-louer-10.html","","","","","2","https://dakarvente.com/index.php?page=annonces_categorie&id=10&sort=&nb=2"
"1729547930-373","https://dakarvente.com/annonces-categorie-appartements-louer-10.html","","","","","2","https://dakarvente.com/index.php?page=annonces_categorie&id=10&sort=&nb=2"
"1729547930-374","https://dakarvente.com/annonces-categorie-appartements-louer-10.html","","","","","2","https://dakarvente.com/index.php?page=annonces_categorie&id=10&sort=&nb=2"
"1729547930-375","https://dakarvente.com/annonces-categorie-appartements-louer-10.html","","","","","2","https://dakarvente.com/index.php?page=annonces_categorie&id=10&sort=&nb=2"
"1729547930-376","https://dakarvente.com/annonces-categorie-appartements-louer-10.html","","","","","2","https://dakarvente.com/index.php?page=annonces_categorie&id=10&sort=&nb=2"
"1729547930-377","https://dakarvente.com/annonces-categorie-appartements-louer-10.html","","","","","2","https://dakarvente.com/index.php?page=annonces_categorie&id=10&sort=&nb=2"
"1729547930-378","https://dakarvente.com/annonces-categorie-appartements-louer-10.html","","","","","2","https://dakarvente.com/index.php?page=annonces_categorie&id=10&sort=&nb=2"
"1729547930-379","https://dakarvente.com/annonces-categorie-appartements-louer-10.html","","","","","2","https://dakarvente.com/index.php?page=annonces_categorie&id=10&sort=&nb=2"
"1729547930-380","https://dakarvente.com/annonces-categorie-appartements-louer-10.html","","","","","2","https://dakarvente.com/index.php?page=annonces_categorie&id=10&sort=&nb=2"
"1729547930-381","https://dakarvente.com/annonces-categorie-appartements-louer-10.html","","","","","2","https://dakarvente.com/index.php?page=annonces_categorie&id=10&sort=&nb=2"
"1729547930-382","https://dakarvente.com/annonces-categorie-appartements-louer-10.html","","","","","2","https://dakarvente.com/index.php?page=annonces_categorie&id=10&sort=&nb=2"
"1729547930-383","https://dakarvente.com/annonces-categorie-appartements-louer-10.html","","","","","2","https://dakarvente.com/index.php?page=annonces_categorie&id=10&sort=&nb=2"
"1729547930-384","https://dakarvente.com/annonces-categorie-appartements-louer-10.html","","","","","2","https://dakarvente.com/index.php?page=annonces_categorie&id=10&sort=&nb=2"
"1729547930-385","https://dakarvente.com/annonces-categorie-appartements-louer-10.html","","","","","2","https://dakarvente.com/index.php?page=annonces_categorie&id=10&sort=&nb=2"
"1729547930-386","https://dakarvente.com/annonces-categorie-appartements-louer-10.html","","","","","2","https://dakarvente.com/index.php?page=annonces_categorie&id=10&sort=&nb=2"
"1729547930-387","https://dakarvente.com/annonces-categorie-appartements-louer-10.html","","","","","2","https://dakarvente.com/index.php?page=annonces_categorie&id=10&sort=&nb=2"
"1729547930-388","https://dakarvente.com/annonces-categorie-appartements-louer-10.html","","","","","2","https://dakarvente.com/index.php?page=annonces_categorie&id=10&sort=&nb=2"
"1729547930-389","https://dakarvente.com/annonces-categorie-appartements-louer-10.html","","","","","2","https://dakarvente.com/index.php?page=annonces_categorie&id=10&sort=&nb=2"
"1729547930-390","https://dakarvente.com/annonces-categorie-appartements-louer-10.html","","","","","2","https://dakarvente.com/index.php?page=annonces_categorie&id=10&sort=&nb=2"
"1729547930-391","https://dakarvente.com/annonces-categorie-appartements-louer-10.html","","","","","2","https://dakarvente.com/index.php?page=annonces_categorie&id=10&sort=&nb=2"
"1729547930-392","https://dakarvente.com/annonces-categorie-appartements-louer-10.html","","","","","2","https://dakarvente.com/index.php?page=annonces_categorie&id=10&sort=&nb=2"
"1729547930-393","https://dakarvente.com/annonces-categorie-appartements-louer-10.html","","","","","2","https://dakarvente.com/index.php?page=annonces_categorie&id=10&sort=&nb=2"
"1729547930-394","https://dakarvente.com/annonces-categorie-appartements-louer-10.html","","","","","2","https://dakarvente.com/index.php?page=annonces_categorie&id=10&sort=&nb=2"
"1729547930-395","https://dakarvente.com/annonces-categorie-appartements-louer-10.html","","","","","2","https://dakarvente.com/index.php?page=annonces_categorie&id=10&sort=&nb=2"
"1729547930-396","https://dakarvente.com/annonces-categorie-appartements-louer-10.html","","","","","2","https://dakarvente.com/index.php?page=annonces_categorie&id=10&sort=&nb=2"
"1729547930-397","https://dakarvente.com/annonces-categorie-appartements-louer-10.html","","","","","2","https://dakarvente.com/index.php?page=annonces_categorie&id=10&sort=&nb=2"
"1729547930-398","https://dakarvente.com/annonces-categorie-appartements-louer-10.html","","","","","2","https://dakarvente.com/index.php?page=annonces_categorie&id=10&sort=&nb=2"
"1729547930-399","https://dakarvente.com/annonces-categorie-appartements-louer-10.html","","","","","2","https://dakarvente.com/index.php?page=annonces_categorie&id=10&sort=&nb=2"
"1729547930-400","https://dakarvente.com/annonces-categorie-appartements-louer-10.html","","","","","2","https://dakarvente.com/index.php?page=annonces_categorie&id=10&sort=&nb=2"
"1729547930-401","https://dakarvente.com/annonces-categorie-appartements-louer-10.html","","","","","2","https://dakarvente.com/index.php?page=annonces_categorie&id=10&sort=&nb=2"
"1729547930-402","https://dakarvente.com/annonces-categorie-appartements-louer-10.html","","","","","2","https://dakarvente.com/index.php?page=annonces_categorie&id=10&sort=&nb=2"
"1729547930-403","https://dakarvente.com/annonces-categorie-appartements-louer-10.html","","","","","2","https://dakarvente.com/index.php?page=annonces_categorie&id=10&sort=&nb=2"
"1729547930-404","https://dakarvente.com/annonces-categorie-appartements-louer-10.html","","","","","2","https://dakarvente.com/index.php?page=annonces_categorie&id=10&sort=&nb=2"
