web-scraper-order,web-scraper-start-url,Descriptions,Prix,Addresses,Images-src,Paginations,Paginations-href
"1729549881-1","https://dakarvente.com/annonces-categorie-terrains-vendre-13.html","VENTE DE TERRAINS","","","","",""
"1729549881-2","https://dakarvente.com/annonces-categorie-terrains-vendre-13.html","Terrain de 1000 mètres carrés à vendre à Toubab Dialaw Sénégal","","","","",""
"1729549881-3","https://dakarvente.com/annonces-categorie-terrains-vendre-13.html","Terrain de 200 mètres carrés à vendre à Toubab Dialaw Sénégal","","","","",""
"1729549881-4","https://dakarvente.com/annonces-categorie-terrains-vendre-13.html","Terrain 192m2 Keur Massar","","","","",""
"1729549881-5","https://dakarvente.com/annonces-categorie-terrains-vendre-13.html","terrain à vendre","","","","",""
"1729549881-6","https://dakarvente.com/annonces-categorie-terrains-vendre-13.html","Terrain de 4013 m² vers Nguéniène","","","","",""
"1729549881-7","https://dakarvente.com/annonces-categorie-terrains-vendre-13.html","Terrain de 9511 m² vers Baba Garage","","","","",""
"1729549881-8","https://dakarvente.com/annonces-categorie-terrains-vendre-13.html","Terrain de 8579 m² vers Notto Diobass","","","","",""
"1729549881-9","https://dakarvente.com/annonces-categorie-terrains-vendre-13.html","Terrain de 5804 m² vers Dalla Ngabou","","","","",""
"1729549881-10","https://dakarvente.com/annonces-categorie-terrains-vendre-13.html","Terrain a Vendre","","","","",""
"1729549881-11","https://dakarvente.com/annonces-categorie-terrains-vendre-13.html","Terrain à vendre Ngor Almadies","","","","",""
"1729549881-12","https://dakarvente.com/annonces-categorie-terrains-vendre-13.html","Terrain de 1 hectare vers Notto Diobass","","","","",""
"1729549881-13","https://dakarvente.com/annonces-categorie-terrains-vendre-13.html","Terrain à vendre à yenne","","","","",""
"1729549881-14","https://dakarvente.com/annonces-categorie-terrains-vendre-13.html","Terrain de 500 mètres carrés à vendre à Mbour Sénégal","","","","",""
"1729549881-15","https://dakarvente.com/annonces-categorie-terrains-vendre-13.html","Terrain de 300 mètres carrés à vendre à Malicounda Sénégal","","","","",""
"1729549881-16","https://dakarvente.com/annonces-categorie-terrains-vendre-13.html","Terrain de 300 mètres carrés à vendre à Malicounda Sénégal","","","","",""
"1729549881-17","https://dakarvente.com/annonces-categorie-terrains-vendre-13.html","Terrain de 600 mètres carrés à vendre à Malicounda Sénégal","","","","",""
"1729549881-18","https://dakarvente.com/annonces-categorie-terrains-vendre-13.html","Terrain lac rose","","","","",""
"1729549881-19","https://dakarvente.com/annonces-categorie-terrains-vendre-13.html","Terrain de 2 hectares vers Tassette","","","","",""
"1729549881-20","https://dakarvente.com/annonces-categorie-terrains-vendre-13.html","Terrain de 3 hectares vers Tassette","","","","",""
"1729549881-21","https://dakarvente.com/annonces-categorie-terrains-vendre-13.html","Verger de 1,50 hectare vers Mboro","","","","",""
"1729549881-22","https://dakarvente.com/annonces-categorie-terrains-vendre-13.html","Terrain de 300 mètres carrés à vendre à Malicounda Sénégal","","","","",""
"1729549881-23","https://dakarvente.com/annonces-categorie-terrains-vendre-13.html","Terrain de 600 mètres carrés à vendre à Gandigal Sénégal","","","","",""
"1729549881-24","https://dakarvente.com/annonces-categorie-terrains-vendre-13.html","Terrain de 4013 m² vers Nguéniène","","","","",""
"1729549881-25","https://dakarvente.com/annonces-categorie-terrains-vendre-13.html","Terrain de 8098 m² vers Tassette","","","","",""
"1729549881-26","https://dakarvente.com/annonces-categorie-terrains-vendre-13.html","Terrain de 2,65 hectares vers Touba Toul","","","","",""
"1729549881-27","https://dakarvente.com/annonces-categorie-terrains-vendre-13.html","Vente de terrain","","","","",""
"1729549881-28","https://dakarvente.com/annonces-categorie-terrains-vendre-13.html","Terrain a vendre","","","","",""
"1729549881-29","https://dakarvente.com/annonces-categorie-terrains-vendre-13.html","Verger de 7310 m² vers Tassette","","","","",""
"1729549881-30","https://dakarvente.com/annonces-categorie-terrains-vendre-13.html","Location d’une Exploitation Agricole de 10 hectares vers Tassette","","","","",""
"1729549881-31","https://dakarvente.com/annonces-categorie-terrains-vendre-13.html","Verger de 2 hectares vers Tassette","","","","",""
"1729549881-32","https://dakarvente.com/annonces-categorie-terrains-vendre-13.html","Terrain 300m2 angles","","","","",""
"1729549881-33","https://dakarvente.com/annonces-categorie-terrains-vendre-13.html","Terrain de 2963 m² vers Diourbel","","","","",""
"1729549881-34","https://dakarvente.com/annonces-categorie-terrains-vendre-13.html","Terrain de 225 mètres carrés à vendre à Saly Sénégal","","","","",""
"1729549881-35","https://dakarvente.com/annonces-categorie-terrains-vendre-13.html","Ferme Avicole de 8457 m² vers Fandéne","","","","",""
"1729549881-36","https://dakarvente.com/annonces-categorie-terrains-vendre-13.html","Terrain de 2,50 hectares vers Thieytou","","","","",""
"1729549881-37","https://dakarvente.com/annonces-categorie-terrains-vendre-13.html","Terrains agricoles en vente","","","","",""
"1729549881-38","https://dakarvente.com/annonces-categorie-terrains-vendre-13.html","Terrain à vendre Almadies 2","","","","",""
"1729549881-39","https://dakarvente.com/annonces-categorie-terrains-vendre-13.html","Terrain à vendre sur ndayane","","","","",""
"1729549881-40","https://dakarvente.com/annonces-categorie-terrains-vendre-13.html","TERRAIN A VENDRE","","","","",""
"1729549881-41","https://dakarvente.com/annonces-categorie-terrains-vendre-13.html","Terrain de 1,69 hectare vers Tassette","","","","",""
"1729549881-42","https://dakarvente.com/annonces-categorie-terrains-vendre-13.html","Terrain de 7842 m² vers Notto Diobass","","","","",""
"1729549881-43","https://dakarvente.com/annonces-categorie-terrains-vendre-13.html","","2 500 000 FCFA","","","",""
"1729549881-44","https://dakarvente.com/annonces-categorie-terrains-vendre-13.html","","Rufisque","","","",""
"1729549881-45","https://dakarvente.com/annonces-categorie-terrains-vendre-13.html","","20 000 000 FCFA","","","",""
"1729549881-46","https://dakarvente.com/annonces-categorie-terrains-vendre-13.html","","Thiès","","","",""
"1729549881-47","https://dakarvente.com/annonces-categorie-terrains-vendre-13.html","","12 000 000 FCFA","","","",""
"1729549881-48","https://dakarvente.com/annonces-categorie-terrains-vendre-13.html","","Mbour","","","",""
"1729549881-49","https://dakarvente.com/annonces-categorie-terrains-vendre-13.html","","170 000 000 FCFA","","","",""
"1729549881-50","https://dakarvente.com/annonces-categorie-terrains-vendre-13.html","","Keur Massar","","","",""
"1729549881-51","https://dakarvente.com/annonces-categorie-terrains-vendre-13.html","","180 000 000 FCFA","","","",""
"1729549881-52","https://dakarvente.com/annonces-categorie-terrains-vendre-13.html","","Ouakam","","","",""
"1729549881-53","https://dakarvente.com/annonces-categorie-terrains-vendre-13.html","","3 600 000 FCFA","","","",""
"1729549881-54","https://dakarvente.com/annonces-categorie-terrains-vendre-13.html","","Mbour","","","",""
"1729549881-55","https://dakarvente.com/annonces-categorie-terrains-vendre-13.html","","3 600 000 FCFA","","","",""
"1729549881-56","https://dakarvente.com/annonces-categorie-terrains-vendre-13.html","","Diourbel","","","",""
"1729549881-57","https://dakarvente.com/annonces-categorie-terrains-vendre-13.html","","8 900 000 FCFA","","","",""
"1729549881-58","https://dakarvente.com/annonces-categorie-terrains-vendre-13.html","","Thiès","","","",""
"1729549881-59","https://dakarvente.com/annonces-categorie-terrains-vendre-13.html","","6 000 000 FCFA","","","",""
"1729549881-60","https://dakarvente.com/annonces-categorie-terrains-vendre-13.html","","Diourbel","","","",""
"1729549881-61","https://dakarvente.com/annonces-categorie-terrains-vendre-13.html","","6 500 000 FCFA","","","",""
"1729549881-62","https://dakarvente.com/annonces-categorie-terrains-vendre-13.html","","Diamniadio","","","",""
"1729549881-63","https://dakarvente.com/annonces-categorie-terrains-vendre-13.html","","100 000 000 FCFA","","","",""
"1729549881-64","https://dakarvente.com/annonces-categorie-terrains-vendre-13.html","","Ngor","","","",""
"1729549881-65","https://dakarvente.com/annonces-categorie-terrains-vendre-13.html","","4 590 000 FCFA","","","",""
"1729549881-66","https://dakarvente.com/annonces-categorie-terrains-vendre-13.html","","Thiès","","","",""
"1729549881-67","https://dakarvente.com/annonces-categorie-terrains-vendre-13.html","","2 000 000 FCFA","","","",""
"1729549881-68","https://dakarvente.com/annonces-categorie-terrains-vendre-13.html","","Dakar","","","",""
"1729549881-69","https://dakarvente.com/annonces-categorie-terrains-vendre-13.html","","25 000 000 FCFA","","","",""
"1729549881-70","https://dakarvente.com/annonces-categorie-terrains-vendre-13.html","","Mbour","","","",""
"1729549881-71","https://dakarvente.com/annonces-categorie-terrains-vendre-13.html","","9 000 000 FCFA","","","",""
"1729549881-72","https://dakarvente.com/annonces-categorie-terrains-vendre-13.html","","Thiès","","","",""
"1729549881-73","https://dakarvente.com/annonces-categorie-terrains-vendre-13.html","","12 000 000 FCFA","","","",""
"1729549881-74","https://dakarvente.com/annonces-categorie-terrains-vendre-13.html","","Mbour","","","",""
"1729549881-75","https://dakarvente.com/annonces-categorie-terrains-vendre-13.html","","22 000 000 FCFA","","","",""
"1729549881-76","https://dakarvente.com/annonces-categorie-terrains-vendre-13.html","","Mbour","","","",""
"1729549881-77","https://dakarvente.com/annonces-categorie-terrains-vendre-13.html","","12 000 000 FCFA","","","",""
"1729549881-78","https://dakarvente.com/annonces-categorie-terrains-vendre-13.html","","Liberté 6","","","",""
"1729549881-79","https://dakarvente.com/annonces-categorie-terrains-vendre-13.html","","12 600 000 FCFA","","","",""
"1729549881-80","https://dakarvente.com/annonces-categorie-terrains-vendre-13.html","","Thiès","","","",""
"1729549881-81","https://dakarvente.com/annonces-categorie-terrains-vendre-13.html","","14 250 000 FCFA","","","",""
"1729549881-82","https://dakarvente.com/annonces-categorie-terrains-vendre-13.html","","Thiès","","","",""
"1729549881-83","https://dakarvente.com/annonces-categorie-terrains-vendre-13.html","","21 000 000 FCFA","","","",""
"1729549881-84","https://dakarvente.com/annonces-categorie-terrains-vendre-13.html","","Thiès","","","",""
"1729549881-85","https://dakarvente.com/annonces-categorie-terrains-vendre-13.html","","10 000 000 FCFA","","","",""
"1729549881-86","https://dakarvente.com/annonces-categorie-terrains-vendre-13.html","","Mbour","","","",""
"1729549881-87","https://dakarvente.com/annonces-categorie-terrains-vendre-13.html","","13 500 000 FCFA","","","",""
"1729549881-88","https://dakarvente.com/annonces-categorie-terrains-vendre-13.html","","Thiès","","","",""
"1729549881-89","https://dakarvente.com/annonces-categorie-terrains-vendre-13.html","","3 600 000 FCFA","","","",""
"1729549881-90","https://dakarvente.com/annonces-categorie-terrains-vendre-13.html","","Mbour","","","",""
"1729549881-91","https://dakarvente.com/annonces-categorie-terrains-vendre-13.html","","4 500 000 FCFA","","","",""
"1729549881-92","https://dakarvente.com/annonces-categorie-terrains-vendre-13.html","","Thiès","","","",""
"1729549881-93","https://dakarvente.com/annonces-categorie-terrains-vendre-13.html","","9 300 000 FCFA","","","",""
"1729549881-94","https://dakarvente.com/annonces-categorie-terrains-vendre-13.html","","Thiès","","","",""
"1729549881-95","https://dakarvente.com/annonces-categorie-terrains-vendre-13.html","","5 000 000 FCFA","","","",""
"1729549881-96","https://dakarvente.com/annonces-categorie-terrains-vendre-13.html","","Rufisque","","","",""
"1729549881-97","https://dakarvente.com/annonces-categorie-terrains-vendre-13.html","","2 500 000 FCFA","","","",""
"1729549881-98","https://dakarvente.com/annonces-categorie-terrains-vendre-13.html","","Tivaouane","","","",""
"1729549881-99","https://dakarvente.com/annonces-categorie-terrains-vendre-13.html","","6 500 000 FCFA","","","",""
"1729549881-100","https://dakarvente.com/annonces-categorie-terrains-vendre-13.html","","Thiès","","","",""
"1729549881-101","https://dakarvente.com/annonces-categorie-terrains-vendre-13.html","","900 000 FCFA","","","",""
"1729549881-102","https://dakarvente.com/annonces-categorie-terrains-vendre-13.html","","Thiès","","","",""
"1729549881-103","https://dakarvente.com/annonces-categorie-terrains-vendre-13.html","","89 000 000 FCFA","","","",""
"1729549881-104","https://dakarvente.com/annonces-categorie-terrains-vendre-13.html","","Thiès","","","",""
"1729549881-105","https://dakarvente.com/annonces-categorie-terrains-vendre-13.html","","5 500 000 FCFA","","","",""
"1729549881-106","https://dakarvente.com/annonces-categorie-terrains-vendre-13.html","","Mbour","","","",""
"1729549881-107","https://dakarvente.com/annonces-categorie-terrains-vendre-13.html","","4 450 000 FCFA","","","",""
"1729549881-108","https://dakarvente.com/annonces-categorie-terrains-vendre-13.html","","Diourbel","","","",""
"1729549881-109","https://dakarvente.com/annonces-categorie-terrains-vendre-13.html","","8 000 000 FCFA","","","",""
"1729549881-110","https://dakarvente.com/annonces-categorie-terrains-vendre-13.html","","Saly","","","",""
"1729549881-111","https://dakarvente.com/annonces-categorie-terrains-vendre-13.html","","36 350 000 FCFA","","","",""
"1729549881-112","https://dakarvente.com/annonces-categorie-terrains-vendre-13.html","","Thiès","","","",""
"1729549881-113","https://dakarvente.com/annonces-categorie-terrains-vendre-13.html","","12 500 000 FCFA","","","",""
"1729549881-114","https://dakarvente.com/annonces-categorie-terrains-vendre-13.html","","Bambey","","","",""
"1729549881-115","https://dakarvente.com/annonces-categorie-terrains-vendre-13.html","","120 000 000 FCFA","","","",""
"1729549881-116","https://dakarvente.com/annonces-categorie-terrains-vendre-13.html","","Somone","","","",""
"1729549881-117","https://dakarvente.com/annonces-categorie-terrains-vendre-13.html","","30 000 000 FCFA","","","",""
"1729549881-118","https://dakarvente.com/annonces-categorie-terrains-vendre-13.html","","Rufisque","","","",""
"1729549881-119","https://dakarvente.com/annonces-categorie-terrains-vendre-13.html","","6 500 000 FCFA","","","",""
"1729549881-120","https://dakarvente.com/annonces-categorie-terrains-vendre-13.html","","Thiès","","","",""
"1729549881-121","https://dakarvente.com/annonces-categorie-terrains-vendre-13.html","","20 000 000 FCFA","","","",""
"1729549881-122","https://dakarvente.com/annonces-categorie-terrains-vendre-13.html","","Keur Massar","","","",""
"1729549881-123","https://dakarvente.com/annonces-categorie-terrains-vendre-13.html","","9 408 000 FCFA","","","",""
"1729549881-124","https://dakarvente.com/annonces-categorie-terrains-vendre-13.html","","Thiès","","","",""
"1729549881-125","https://dakarvente.com/annonces-categorie-terrains-vendre-13.html","","4 975 000 FCFA","","","",""
"1729549881-126","https://dakarvente.com/annonces-categorie-terrains-vendre-13.html","","Thiès","","","",""
"1729549881-127","https://dakarvente.com/annonces-categorie-terrains-vendre-13.html","","","2 500 000 FCFA","","",""
"1729549881-128","https://dakarvente.com/annonces-categorie-terrains-vendre-13.html","","","Rufisque","","",""
"1729549881-129","https://dakarvente.com/annonces-categorie-terrains-vendre-13.html","","","20 000 000 FCFA","","",""
"1729549881-130","https://dakarvente.com/annonces-categorie-terrains-vendre-13.html","","","Thiès","","",""
"1729549881-131","https://dakarvente.com/annonces-categorie-terrains-vendre-13.html","","","12 000 000 FCFA","","",""
"1729549881-132","https://dakarvente.com/annonces-categorie-terrains-vendre-13.html","","","Mbour","","",""
"1729549881-133","https://dakarvente.com/annonces-categorie-terrains-vendre-13.html","","","170 000 000 FCFA","","",""
"1729549881-134","https://dakarvente.com/annonces-categorie-terrains-vendre-13.html","","","Keur Massar","","",""
"1729549881-135","https://dakarvente.com/annonces-categorie-terrains-vendre-13.html","","","180 000 000 FCFA","","",""
"1729549881-136","https://dakarvente.com/annonces-categorie-terrains-vendre-13.html","","","Ouakam","","",""
"1729549881-137","https://dakarvente.com/annonces-categorie-terrains-vendre-13.html","","","3 600 000 FCFA","","",""
"1729549881-138","https://dakarvente.com/annonces-categorie-terrains-vendre-13.html","","","Mbour","","",""
"1729549881-139","https://dakarvente.com/annonces-categorie-terrains-vendre-13.html","","","3 600 000 FCFA","","",""
"1729549881-140","https://dakarvente.com/annonces-categorie-terrains-vendre-13.html","","","Diourbel","","",""
"1729549881-141","https://dakarvente.com/annonces-categorie-terrains-vendre-13.html","","","8 900 000 FCFA","","",""
"1729549881-142","https://dakarvente.com/annonces-categorie-terrains-vendre-13.html","","","Thiès","","",""
"1729549881-143","https://dakarvente.com/annonces-categorie-terrains-vendre-13.html","","","6 000 000 FCFA","","",""
"1729549881-144","https://dakarvente.com/annonces-categorie-terrains-vendre-13.html","","","Diourbel","","",""
"1729549881-145","https://dakarvente.com/annonces-categorie-terrains-vendre-13.html","","","6 500 000 FCFA","","",""
"1729549881-146","https://dakarvente.com/annonces-categorie-terrains-vendre-13.html","","","Diamniadio","","",""
"1729549881-147","https://dakarvente.com/annonces-categorie-terrains-vendre-13.html","","","100 000 000 FCFA","","",""
"1729549881-148","https://dakarvente.com/annonces-categorie-terrains-vendre-13.html","","","Ngor","","",""
"1729549881-149","https://dakarvente.com/annonces-categorie-terrains-vendre-13.html","","","4 590 000 FCFA","","",""
"1729549881-150","https://dakarvente.com/annonces-categorie-terrains-vendre-13.html","","","Thiès","","",""
"1729549881-151","https://dakarvente.com/annonces-categorie-terrains-vendre-13.html","","","2 000 000 FCFA","","",""
"1729549881-152","https://dakarvente.com/annonces-categorie-terrains-vendre-13.html","","","Dakar","","",""
"1729549881-153","https://dakarvente.com/annonces-categorie-terrains-vendre-13.html","","","Dakar","","",""
"1729549881-154","https://dakarvente.com/annonces-categorie-terrains-vendre-13.html","","","25 000 000 FCFA","","",""
"1729549881-155","https://dakarvente.com/annonces-categorie-terrains-vendre-13.html","","","Mbour","","",""
"1729549881-156","https://dakarvente.com/annonces-categorie-terrains-vendre-13.html","","","9 000 000 FCFA","","",""
"1729549881-157","https://dakarvente.com/annonces-categorie-terrains-vendre-13.html","","","Thiès","","",""
"1729549881-158","https://dakarvente.com/annonces-categorie-terrains-vendre-13.html","","","12 000 000 FCFA","","",""
"1729549881-159","https://dakarvente.com/annonces-categorie-terrains-vendre-13.html","","","Mbour","","",""
"1729549881-160","https://dakarvente.com/annonces-categorie-terrains-vendre-13.html","","","22 000 000 FCFA","","",""
"1729549881-161","https://dakarvente.com/annonces-categorie-terrains-vendre-13.html","","","Mbour","","",""
"1729549881-162","https://dakarvente.com/annonces-categorie-terrains-vendre-13.html","","","12 000 000 FCFA","","",""
"1729549881-163","https://dakarvente.com/annonces-categorie-terrains-vendre-13.html","","","Liberté 6","","",""
"1729549881-164","https://dakarvente.com/annonces-categorie-terrains-vendre-13.html","","","12 600 000 FCFA","","",""
"1729549881-165","https://dakarvente.com/annonces-categorie-terrains-vendre-13.html","","","Thiès","","",""
"1729549881-166","https://dakarvente.com/annonces-categorie-terrains-vendre-13.html","","","14 250 000 FCFA","","",""
"1729549881-167","https://dakarvente.com/annonces-categorie-terrains-vendre-13.html","","","Thiès","","",""
"1729549881-168","https://dakarvente.com/annonces-categorie-terrains-vendre-13.html","","","21 000 000 FCFA","","",""
"1729549881-169","https://dakarvente.com/annonces-categorie-terrains-vendre-13.html","","","Thiès","","",""
"1729549881-170","https://dakarvente.com/annonces-categorie-terrains-vendre-13.html","","","10 000 000 FCFA","","",""
"1729549881-171","https://dakarvente.com/annonces-categorie-terrains-vendre-13.html","","","Mbour","","",""
"1729549881-172","https://dakarvente.com/annonces-categorie-terrains-vendre-13.html","","","13 500 000 FCFA","","",""
"1729549881-173","https://dakarvente.com/annonces-categorie-terrains-vendre-13.html","","","Thiès","","",""
"1729549881-174","https://dakarvente.com/annonces-categorie-terrains-vendre-13.html","","","3 600 000 FCFA","","",""
"1729549881-175","https://dakarvente.com/annonces-categorie-terrains-vendre-13.html","","","Mbour","","",""
"1729549881-176","https://dakarvente.com/annonces-categorie-terrains-vendre-13.html","","","4 500 000 FCFA","","",""
"1729549881-177","https://dakarvente.com/annonces-categorie-terrains-vendre-13.html","","","Thiès","","",""
"1729549881-178","https://dakarvente.com/annonces-categorie-terrains-vendre-13.html","","","9 300 000 FCFA","","",""
"1729549881-179","https://dakarvente.com/annonces-categorie-terrains-vendre-13.html","","","Thiès","","",""
"1729549881-180","https://dakarvente.com/annonces-categorie-terrains-vendre-13.html","","","5 000 000 FCFA","","",""
"1729549881-181","https://dakarvente.com/annonces-categorie-terrains-vendre-13.html","","","Rufisque","","",""
"1729549881-182","https://dakarvente.com/annonces-categorie-terrains-vendre-13.html","","","2 500 000 FCFA","","",""
"1729549881-183","https://dakarvente.com/annonces-categorie-terrains-vendre-13.html","","","Tivaouane","","",""
"1729549881-184","https://dakarvente.com/annonces-categorie-terrains-vendre-13.html","","","6 500 000 FCFA","","",""
"1729549881-185","https://dakarvente.com/annonces-categorie-terrains-vendre-13.html","","","Thiès","","",""
"1729549881-186","https://dakarvente.com/annonces-categorie-terrains-vendre-13.html","","","900 000 FCFA","","",""
"1729549881-187","https://dakarvente.com/annonces-categorie-terrains-vendre-13.html","","","Thiès","","",""
"1729549881-188","https://dakarvente.com/annonces-categorie-terrains-vendre-13.html","","","89 000 000 FCFA","","",""
"1729549881-189","https://dakarvente.com/annonces-categorie-terrains-vendre-13.html","","","Thiès","","",""
"1729549881-190","https://dakarvente.com/annonces-categorie-terrains-vendre-13.html","","","5 500 000 FCFA","","",""
"1729549881-191","https://dakarvente.com/annonces-categorie-terrains-vendre-13.html","","","Mbour","","",""
"1729549881-192","https://dakarvente.com/annonces-categorie-terrains-vendre-13.html","","","4 450 000 FCFA","","",""
"1729549881-193","https://dakarvente.com/annonces-categorie-terrains-vendre-13.html","","","Diourbel","","",""
"1729549881-194","https://dakarvente.com/annonces-categorie-terrains-vendre-13.html","","","8 000 000 FCFA","","",""
"1729549881-195","https://dakarvente.com/annonces-categorie-terrains-vendre-13.html","","","Saly","","",""
"1729549881-196","https://dakarvente.com/annonces-categorie-terrains-vendre-13.html","","","36 350 000 FCFA","","",""
"1729549881-197","https://dakarvente.com/annonces-categorie-terrains-vendre-13.html","","","Thiès","","",""
"1729549881-198","https://dakarvente.com/annonces-categorie-terrains-vendre-13.html","","","12 500 000 FCFA","","",""
"1729549881-199","https://dakarvente.com/annonces-categorie-terrains-vendre-13.html","","","Bambey","","",""
"1729549881-200","https://dakarvente.com/annonces-categorie-terrains-vendre-13.html","","","120 000 000 FCFA","","",""
"1729549881-201","https://dakarvente.com/annonces-categorie-terrains-vendre-13.html","","","Somone","","",""
"1729549881-202","https://dakarvente.com/annonces-categorie-terrains-vendre-13.html","","","30 000 000 FCFA","","",""
"1729549881-203","https://dakarvente.com/annonces-categorie-terrains-vendre-13.html","","","Rufisque","","",""
"1729549881-204","https://dakarvente.com/annonces-categorie-terrains-vendre-13.html","","","6 500 000 FCFA","","",""
"1729549881-205","https://dakarvente.com/annonces-categorie-terrains-vendre-13.html","","","Thiès","","",""
"1729549881-206","https://dakarvente.com/annonces-categorie-terrains-vendre-13.html","","","20 000 000 FCFA","","",""
"1729549881-207","https://dakarvente.com/annonces-categorie-terrains-vendre-13.html","","","Keur Massar","","",""
"1729549881-208","https://dakarvente.com/annonces-categorie-terrains-vendre-13.html","","","9 408 000 FCFA","","",""
"1729549881-209","https://dakarvente.com/annonces-categorie-terrains-vendre-13.html","","","Thiès","","",""
"1729549881-210","https://dakarvente.com/annonces-categorie-terrains-vendre-13.html","","","4 975 000 FCFA","","",""
"1729549881-211","https://dakarvente.com/annonces-categorie-terrains-vendre-13.html","","","Thiès","","",""
"1729549881-212","https://dakarvente.com/annonces-categorie-terrains-vendre-13.html","","","","media/annonces/pics/thumbs/8638ab10e728ff2b04d246d1d48990ca.jpg","",""
"1729549881-213","https://dakarvente.com/annonces-categorie-terrains-vendre-13.html","","","","img/location2.png","",""
"1729549881-214","https://dakarvente.com/annonces-categorie-terrains-vendre-13.html","","","","data:image/png;base64,iVBORw0KGgoAAAANSUhEUgAAAAEAAAABCAYAAAAfFcSJAAAAAXNSR0IArs4c6QAAAARnQU1BAACxjwv8YQUAAAAJcEhZcwAADsQAAA7EAZUrDhsAAAANSURBVBhXYzh8+PB/AAffA0nNPuCLAAAAAElFTkSuQmCC","",""
"1729549881-215","https://dakarvente.com/annonces-categorie-terrains-vendre-13.html","","","","data:image/png;base64,iVBORw0KGgoAAAANSUhEUgAAAAEAAAABCAYAAAAfFcSJAAAAAXNSR0IArs4c6QAAAARnQU1BAACxjwv8YQUAAAAJcEhZcwAADsQAAA7EAZUrDhsAAAANSURBVBhXYzh8+PB/AAffA0nNPuCLAAAAAElFTkSuQmCC","",""
"1729549881-216","https://dakarvente.com/annonces-categorie-terrains-vendre-13.html","","","","data:image/png;base64,iVBORw0KGgoAAAANSUhEUgAAAAEAAAABCAYAAAAfFcSJAAAAAXNSR0IArs4c6QAAAARnQU1BAACxjwv8YQUAAAAJcEhZcwAADsQAAA7EAZUrDhsAAAANSURBVBhXYzh8+PB/AAffA0nNPuCLAAAAAElFTkSuQmCC","",""
"1729549881-217","https://dakarvente.com/annonces-categorie-terrains-vendre-13.html","","","","media/annonces/pics/thumbs/fdb6f8215f389cb87007e60f7236a585.jpeg","",""
"1729549881-218","https://dakarvente.com/annonces-categorie-terrains-vendre-13.html","","","","img/location2.png","",""
"1729549881-219","https://dakarvente.com/annonces-categorie-terrains-vendre-13.html","","","","data:image/png;base64,iVBORw0KGgoAAAANSUhEUgAAAAEAAAABCAYAAAAfFcSJAAAAAXNSR0IArs4c6QAAAARnQU1BAACxjwv8YQUAAAAJcEhZcwAADsQAAA7EAZUrDhsAAAANSURBVBhXYzh8+PB/AAffA0nNPuCLAAAAAElFTkSuQmCC","",""
"1729549881-220","https://dakarvente.com/annonces-categorie-terrains-vendre-13.html","","","","data:image/png;base64,iVBORw0KGgoAAAANSUhEUgAAAAEAAAABCAYAAAAfFcSJAAAAAXNSR0IArs4c6QAAAARnQU1BAACxjwv8YQUAAAAJcEhZcwAADsQAAA7EAZUrDhsAAAANSURBVBhXYzh8+PB/AAffA0nNPuCLAAAAAElFTkSuQmCC","",""
"1729549881-221","https://dakarvente.com/annonces-categorie-terrains-vendre-13.html","","","","data:image/png;base64,iVBORw0KGgoAAAANSUhEUgAAAAEAAAABCAYAAAAfFcSJAAAAAXNSR0IArs4c6QAAAARnQU1BAACxjwv8YQUAAAAJcEhZcwAADsQAAA7EAZUrDhsAAAANSURBVBhXYzh8+PB/AAffA0nNPuCLAAAAAElFTkSuQmCC","",""
"1729549881-222","https://dakarvente.com/annonces-categorie-terrains-vendre-13.html","","","","media/annonces/pics/thumbs/fc00c1e7b1d174374d3714a54e01e0dd.jpeg","",""
"1729549881-223","https://dakarvente.com/annonces-categorie-terrains-vendre-13.html","","","","img/location2.png","",""
"1729549881-224","https://dakarvente.com/annonces-categorie-terrains-vendre-13.html","","","","data:image/png;base64,iVBORw0KGgoAAAANSUhEUgAAAAEAAAABCAYAAAAfFcSJAAAAAXNSR0IArs4c6QAAAARnQU1BAACxjwv8YQUAAAAJcEhZcwAADsQAAA7EAZUrDhsAAAANSURBVBhXYzh8+PB/AAffA0nNPuCLAAAAAElFTkSuQmCC","",""
"1729549881-225","https://dakarvente.com/annonces-categorie-terrains-vendre-13.html","","","","data:image/png;base64,iVBORw0KGgoAAAANSUhEUgAAAAEAAAABCAYAAAAfFcSJAAAAAXNSR0IArs4c6QAAAARnQU1BAACxjwv8YQUAAAAJcEhZcwAADsQAAA7EAZUrDhsAAAANSURBVBhXYzh8+PB/AAffA0nNPuCLAAAAAElFTkSuQmCC","",""
"1729549881-226","https://dakarvente.com/annonces-categorie-terrains-vendre-13.html","","","","data:image/png;base64,iVBORw0KGgoAAAANSUhEUgAAAAEAAAABCAYAAAAfFcSJAAAAAXNSR0IArs4c6QAAAARnQU1BAACxjwv8YQUAAAAJcEhZcwAADsQAAA7EAZUrDhsAAAANSURBVBhXYzh8+PB/AAffA0nNPuCLAAAAAElFTkSuQmCC","",""
"1729549881-227","https://dakarvente.com/annonces-categorie-terrains-vendre-13.html","","","","media/annonces/pics/thumbs/28ded8c87e6673f041c5e68ab0bdc84d.jpg","",""
"1729549881-228","https://dakarvente.com/annonces-categorie-terrains-vendre-13.html","","","","img/location2.png","",""
"1729549881-229","https://dakarvente.com/annonces-categorie-terrains-vendre-13.html","","","","data:image/png;base64,iVBORw0KGgoAAAANSUhEUgAAAAEAAAABCAYAAAAfFcSJAAAAAXNSR0IArs4c6QAAAARnQU1BAACxjwv8YQUAAAAJcEhZcwAADsQAAA7EAZUrDhsAAAANSURBVBhXYzh8+PB/AAffA0nNPuCLAAAAAElFTkSuQmCC","",""
"1729549881-230","https://dakarvente.com/annonces-categorie-terrains-vendre-13.html","","","","data:image/png;base64,iVBORw0KGgoAAAANSUhEUgAAAAEAAAABCAYAAAAfFcSJAAAAAXNSR0IArs4c6QAAAARnQU1BAACxjwv8YQUAAAAJcEhZcwAADsQAAA7EAZUrDhsAAAANSURBVBhXYzh8+PB/AAffA0nNPuCLAAAAAElFTkSuQmCC","",""
"1729549881-231","https://dakarvente.com/annonces-categorie-terrains-vendre-13.html","","","","data:image/png;base64,iVBORw0KGgoAAAANSUhEUgAAAAEAAAABCAYAAAAfFcSJAAAAAXNSR0IArs4c6QAAAARnQU1BAACxjwv8YQUAAAAJcEhZcwAADsQAAA7EAZUrDhsAAAANSURBVBhXYzh8+PB/AAffA0nNPuCLAAAAAElFTkSuQmCC","",""
"1729549881-232","https://dakarvente.com/annonces-categorie-terrains-vendre-13.html","","","","media/annonces/pics/thumbs/8264d4a3142730d4c77dca9aaa85694f.jpeg","",""
"1729549881-233","https://dakarvente.com/annonces-categorie-terrains-vendre-13.html","","","","img/location2.png","",""
"1729549881-234","https://dakarvente.com/annonces-categorie-terrains-vendre-13.html","","","","data:image/png;base64,iVBORw0KGgoAAAANSUhEUgAAAAEAAAABCAYAAAAfFcSJAAAAAXNSR0IArs4c6QAAAARnQU1BAACxjwv8YQUAAAAJcEhZcwAADsQAAA7EAZUrDhsAAAANSURBVBhXYzh8+PB/AAffA0nNPuCLAAAAAElFTkSuQmCC","",""
"1729549881-235","https://dakarvente.com/annonces-categorie-terrains-vendre-13.html","","","","data:image/png;base64,iVBORw0KGgoAAAANSUhEUgAAAAEAAAABCAYAAAAfFcSJAAAAAXNSR0IArs4c6QAAAARnQU1BAACxjwv8YQUAAAAJcEhZcwAADsQAAA7EAZUrDhsAAAANSURBVBhXYzh8+PB/AAffA0nNPuCLAAAAAElFTkSuQmCC","",""
"1729549881-236","https://dakarvente.com/annonces-categorie-terrains-vendre-13.html","","","","data:image/png;base64,iVBORw0KGgoAAAANSUhEUgAAAAEAAAABCAYAAAAfFcSJAAAAAXNSR0IArs4c6QAAAARnQU1BAACxjwv8YQUAAAAJcEhZcwAADsQAAA7EAZUrDhsAAAANSURBVBhXYzh8+PB/AAffA0nNPuCLAAAAAElFTkSuQmCC","",""
"1729549881-237","https://dakarvente.com/annonces-categorie-terrains-vendre-13.html","","","","media/annonces/pics/thumbs/d54e15f33715f96627ea42a162b6813b.jpeg","",""
"1729549881-238","https://dakarvente.com/annonces-categorie-terrains-vendre-13.html","","","","img/location2.png","",""
"1729549881-239","https://dakarvente.com/annonces-categorie-terrains-vendre-13.html","","","","data:image/png;base64,iVBORw0KGgoAAAANSUhEUgAAAAEAAAABCAYAAAAfFcSJAAAAAXNSR0IArs4c6QAAAARnQU1BAACxjwv8YQUAAAAJcEhZcwAADsQAAA7EAZUrDhsAAAANSURBVBhXYzh8+PB/AAffA0nNPuCLAAAAAElFTkSuQmCC","",""
"1729549881-240","https://dakarvente.com/annonces-categorie-terrains-vendre-13.html","","","","media/annonces/pics/thumbs/4ab953046043a68c7841c3d301d48bf4.jpeg","",""
"1729549881-241","https://dakarvente.com/annonces-categorie-terrains-vendre-13.html","","","","img/location2.png","",""
"1729549881-242","https://dakarvente.com/annonces-categorie-terrains-vendre-13.html","","","","data:image/png;base64,iVBORw0KGgoAAAANSUhEUgAAAAEAAAABCAYAAAAfFcSJAAAAAXNSR0IArs4c6QAAAARnQU1BAACxjwv8YQUAAAAJcEhZcwAADsQAAA7EAZUrDhsAAAANSURBVBhXYzh8+PB/AAffA0nNPuCLAAAAAElFTkSuQmCC","",""
"1729549881-243","https://dakarvente.com/annonces-categorie-terrains-vendre-13.html","","","","media/annonces/pics/thumbs/b8b972f1c76bb94618d5be295899c5af.jpeg","",""
"1729549881-244","https://dakarvente.com/annonces-categorie-terrains-vendre-13.html","","","","img/location2.png","",""
"1729549881-245","https://dakarvente.com/annonces-categorie-terrains-vendre-13.html","","","","data:image/png;base64,iVBORw0KGgoAAAANSUhEUgAAAAEAAAABCAYAAAAfFcSJAAAAAXNSR0IArs4c6QAAAARnQU1BAACxjwv8YQUAAAAJcEhZcwAADsQAAA7EAZUrDhsAAAANSURBVBhXYzh8+PB/AAffA0nNPuCLAAAAAElFTkSuQmCC","",""
"1729549881-246","https://dakarvente.com/annonces-categorie-terrains-vendre-13.html","","","","media/annonces/pics/thumbs/d53571cd888604da9a1accd5ddef3ecc.jpeg","",""
"1729549881-247","https://dakarvente.com/annonces-categorie-terrains-vendre-13.html","","","","img/location2.png","",""
"1729549881-248","https://dakarvente.com/annonces-categorie-terrains-vendre-13.html","","","","data:image/png;base64,iVBORw0KGgoAAAANSUhEUgAAAAEAAAABCAYAAAAfFcSJAAAAAXNSR0IArs4c6QAAAARnQU1BAACxjwv8YQUAAAAJcEhZcwAADsQAAA7EAZUrDhsAAAANSURBVBhXYzh8+PB/AAffA0nNPuCLAAAAAElFTkSuQmCC","",""
"1729549881-249","https://dakarvente.com/annonces-categorie-terrains-vendre-13.html","","","","media/annonces/pics/thumbs/e57cac319a70e9b379609ed9ef6a33ea.jpg","",""
"1729549881-250","https://dakarvente.com/annonces-categorie-terrains-vendre-13.html","","","","img/location2.png","",""
"1729549881-251","https://dakarvente.com/annonces-categorie-terrains-vendre-13.html","","","","data:image/png;base64,iVBORw0KGgoAAAANSUhEUgAAAAEAAAABCAYAAAAfFcSJAAAAAXNSR0IArs4c6QAAAARnQU1BAACxjwv8YQUAAAAJcEhZcwAADsQAAA7EAZUrDhsAAAANSURBVBhXYzh8+PB/AAffA0nNPuCLAAAAAElFTkSuQmCC","",""
"1729549881-252","https://dakarvente.com/annonces-categorie-terrains-vendre-13.html","","","","data:image/png;base64,iVBORw0KGgoAAAANSUhEUgAAAAEAAAABCAYAAAAfFcSJAAAAAXNSR0IArs4c6QAAAARnQU1BAACxjwv8YQUAAAAJcEhZcwAADsQAAA7EAZUrDhsAAAANSURBVBhXYzh8+PB/AAffA0nNPuCLAAAAAElFTkSuQmCC","",""
"1729549881-253","https://dakarvente.com/annonces-categorie-terrains-vendre-13.html","","","","data:image/png;base64,iVBORw0KGgoAAAANSUhEUgAAAAEAAAABCAYAAAAfFcSJAAAAAXNSR0IArs4c6QAAAARnQU1BAACxjwv8YQUAAAAJcEhZcwAADsQAAA7EAZUrDhsAAAANSURBVBhXYzh8+PB/AAffA0nNPuCLAAAAAElFTkSuQmCC","",""
"1729549881-254","https://dakarvente.com/annonces-categorie-terrains-vendre-13.html","","","","media/annonces/pics/thumbs/b7b1739d6392650a623f5466b7eb0a4c.jpg","",""
"1729549881-255","https://dakarvente.com/annonces-categorie-terrains-vendre-13.html","","","","img/location2.png","",""
"1729549881-256","https://dakarvente.com/annonces-categorie-terrains-vendre-13.html","","","","data:image/png;base64,iVBORw0KGgoAAAANSUhEUgAAAAEAAAABCAYAAAAfFcSJAAAAAXNSR0IArs4c6QAAAARnQU1BAACxjwv8YQUAAAAJcEhZcwAADsQAAA7EAZUrDhsAAAANSURBVBhXYzh8+PB/AAffA0nNPuCLAAAAAElFTkSuQmCC","",""
"1729549881-257","https://dakarvente.com/annonces-categorie-terrains-vendre-13.html","","","","data:image/png;base64,iVBORw0KGgoAAAANSUhEUgAAAAEAAAABCAYAAAAfFcSJAAAAAXNSR0IArs4c6QAAAARnQU1BAACxjwv8YQUAAAAJcEhZcwAADsQAAA7EAZUrDhsAAAANSURBVBhXYzh8+PB/AAffA0nNPuCLAAAAAElFTkSuQmCC","",""
"1729549881-258","https://dakarvente.com/annonces-categorie-terrains-vendre-13.html","","","","data:image/png;base64,iVBORw0KGgoAAAANSUhEUgAAAAEAAAABCAYAAAAfFcSJAAAAAXNSR0IArs4c6QAAAARnQU1BAACxjwv8YQUAAAAJcEhZcwAADsQAAA7EAZUrDhsAAAANSURBVBhXYzh8+PB/AAffA0nNPuCLAAAAAElFTkSuQmCC","",""
"1729549881-259","https://dakarvente.com/annonces-categorie-terrains-vendre-13.html","","","","media/annonces/pics/thumbs/9710a4e03ebed73d678766b229dc4db7.png","",""
"1729549881-260","https://dakarvente.com/annonces-categorie-terrains-vendre-13.html","","","","img/location2.png","",""
"1729549881-261","https://dakarvente.com/annonces-categorie-terrains-vendre-13.html","","","","data:image/png;base64,iVBORw0KGgoAAAANSUhEUgAAAAEAAAABCAYAAAAfFcSJAAAAAXNSR0IArs4c6QAAAARnQU1BAACxjwv8YQUAAAAJcEhZcwAADsQAAA7EAZUrDhsAAAANSURBVBhXYzh8+PB/AAffA0nNPuCLAAAAAElFTkSuQmCC","",""
"1729549881-262","https://dakarvente.com/annonces-categorie-terrains-vendre-13.html","","","","media/annonces/pics/thumbs/41ef06a8b439539381b4d339b5036f63.jpeg","",""
"1729549881-263","https://dakarvente.com/annonces-categorie-terrains-vendre-13.html","","","","img/location2.png","",""
"1729549881-264","https://dakarvente.com/annonces-categorie-terrains-vendre-13.html","","","","data:image/png;base64,iVBORw0KGgoAAAANSUhEUgAAAAEAAAABCAYAAAAfFcSJAAAAAXNSR0IArs4c6QAAAARnQU1BAACxjwv8YQUAAAAJcEhZcwAADsQAAA7EAZUrDhsAAAANSURBVBhXYzh8+PB/AAffA0nNPuCLAAAAAElFTkSuQmCC","",""
"1729549881-265","https://dakarvente.com/annonces-categorie-terrains-vendre-13.html","","","","data:image/png;base64,iVBORw0KGgoAAAANSUhEUgAAAAEAAAABCAYAAAAfFcSJAAAAAXNSR0IArs4c6QAAAARnQU1BAACxjwv8YQUAAAAJcEhZcwAADsQAAA7EAZUrDhsAAAANSURBVBhXYzh8+PB/AAffA0nNPuCLAAAAAElFTkSuQmCC","",""
"1729549881-266","https://dakarvente.com/annonces-categorie-terrains-vendre-13.html","","","","data:image/png;base64,iVBORw0KGgoAAAANSUhEUgAAAAEAAAABCAYAAAAfFcSJAAAAAXNSR0IArs4c6QAAAARnQU1BAACxjwv8YQUAAAAJcEhZcwAADsQAAA7EAZUrDhsAAAANSURBVBhXYzh8+PB/AAffA0nNPuCLAAAAAElFTkSuQmCC","",""
"1729549881-267","https://dakarvente.com/annonces-categorie-terrains-vendre-13.html","","","","media/annonces/pics/thumbs/47486fc24b90ef3047c36fa173160552.jpeg","",""
"1729549881-268","https://dakarvente.com/annonces-categorie-terrains-vendre-13.html","","","","img/location2.png","",""
"1729549881-269","https://dakarvente.com/annonces-categorie-terrains-vendre-13.html","","","","data:image/png;base64,iVBORw0KGgoAAAANSUhEUgAAAAEAAAABCAYAAAAfFcSJAAAAAXNSR0IArs4c6QAAAARnQU1BAACxjwv8YQUAAAAJcEhZcwAADsQAAA7EAZUrDhsAAAANSURBVBhXYzh8+PB/AAffA0nNPuCLAAAAAElFTkSuQmCC","",""
"1729549881-270","https://dakarvente.com/annonces-categorie-terrains-vendre-13.html","","","","data:image/png;base64,iVBORw0KGgoAAAANSUhEUgAAAAEAAAABCAYAAAAfFcSJAAAAAXNSR0IArs4c6QAAAARnQU1BAACxjwv8YQUAAAAJcEhZcwAADsQAAA7EAZUrDhsAAAANSURBVBhXYzh8+PB/AAffA0nNPuCLAAAAAElFTkSuQmCC","",""
"1729549881-271","https://dakarvente.com/annonces-categorie-terrains-vendre-13.html","","","","data:image/png;base64,iVBORw0KGgoAAAANSUhEUgAAAAEAAAABCAYAAAAfFcSJAAAAAXNSR0IArs4c6QAAAARnQU1BAACxjwv8YQUAAAAJcEhZcwAADsQAAA7EAZUrDhsAAAANSURBVBhXYzh8+PB/AAffA0nNPuCLAAAAAElFTkSuQmCC","",""
"1729549881-272","https://dakarvente.com/annonces-categorie-terrains-vendre-13.html","","","","media/annonces/pics/thumbs/3ba9546b551e1576a2e6c75b66f49510.jpeg","",""
"1729549881-273","https://dakarvente.com/annonces-categorie-terrains-vendre-13.html","","","","img/location2.png","",""
"1729549881-274","https://dakarvente.com/annonces-categorie-terrains-vendre-13.html","","","","data:image/png;base64,iVBORw0KGgoAAAANSUhEUgAAAAEAAAABCAYAAAAfFcSJAAAAAXNSR0IArs4c6QAAAARnQU1BAACxjwv8YQUAAAAJcEhZcwAADsQAAA7EAZUrDhsAAAANSURBVBhXYzh8+PB/AAffA0nNPuCLAAAAAElFTkSuQmCC","",""
"1729549881-275","https://dakarvente.com/annonces-categorie-terrains-vendre-13.html","","","","data:image/png;base64,iVBORw0KGgoAAAANSUhEUgAAAAEAAAABCAYAAAAfFcSJAAAAAXNSR0IArs4c6QAAAARnQU1BAACxjwv8YQUAAAAJcEhZcwAADsQAAA7EAZUrDhsAAAANSURBVBhXYzh8+PB/AAffA0nNPuCLAAAAAElFTkSuQmCC","",""
"1729549881-276","https://dakarvente.com/annonces-categorie-terrains-vendre-13.html","","","","data:image/png;base64,iVBORw0KGgoAAAANSUhEUgAAAAEAAAABCAYAAAAfFcSJAAAAAXNSR0IArs4c6QAAAARnQU1BAACxjwv8YQUAAAAJcEhZcwAADsQAAA7EAZUrDhsAAAANSURBVBhXYzh8+PB/AAffA0nNPuCLAAAAAElFTkSuQmCC","",""
"1729549881-277","https://dakarvente.com/annonces-categorie-terrains-vendre-13.html","","","","media/annonces/pics/thumbs/294daa4ccabd7ebb014d43a3294c8725.jpeg","",""
"1729549881-278","https://dakarvente.com/annonces-categorie-terrains-vendre-13.html","","","","img/location2.png","",""
"1729549881-279","https://dakarvente.com/annonces-categorie-terrains-vendre-13.html","","","","data:image/png;base64,iVBORw0KGgoAAAANSUhEUgAAAAEAAAABCAYAAAAfFcSJAAAAAXNSR0IArs4c6QAAAARnQU1BAACxjwv8YQUAAAAJcEhZcwAADsQAAA7EAZUrDhsAAAANSURBVBhXYzh8+PB/AAffA0nNPuCLAAAAAElFTkSuQmCC","",""
"1729549881-280","https://dakarvente.com/annonces-categorie-terrains-vendre-13.html","","","","data:image/png;base64,iVBORw0KGgoAAAANSUhEUgAAAAEAAAABCAYAAAAfFcSJAAAAAXNSR0IArs4c6QAAAARnQU1BAACxjwv8YQUAAAAJcEhZcwAADsQAAA7EAZUrDhsAAAANSURBVBhXYzh8+PB/AAffA0nNPuCLAAAAAElFTkSuQmCC","",""
"1729549881-281","https://dakarvente.com/annonces-categorie-terrains-vendre-13.html","","","","data:image/png;base64,iVBORw0KGgoAAAANSUhEUgAAAAEAAAABCAYAAAAfFcSJAAAAAXNSR0IArs4c6QAAAARnQU1BAACxjwv8YQUAAAAJcEhZcwAADsQAAA7EAZUrDhsAAAANSURBVBhXYzh8+PB/AAffA0nNPuCLAAAAAElFTkSuQmCC","",""
"1729549881-282","https://dakarvente.com/annonces-categorie-terrains-vendre-13.html","","","","media/annonces/pics/thumbs/1375b9e43c592fabfb9abd52c1cc8706.jpeg","",""
"1729549881-283","https://dakarvente.com/annonces-categorie-terrains-vendre-13.html","","","","img/location2.png","",""
"1729549881-284","https://dakarvente.com/annonces-categorie-terrains-vendre-13.html","","","","data:image/png;base64,iVBORw0KGgoAAAANSUhEUgAAAAEAAAABCAYAAAAfFcSJAAAAAXNSR0IArs4c6QAAAARnQU1BAACxjwv8YQUAAAAJcEhZcwAADsQAAA7EAZUrDhsAAAANSURBVBhXYzh8+PB/AAffA0nNPuCLAAAAAElFTkSuQmCC","",""
"1729549881-285","https://dakarvente.com/annonces-categorie-terrains-vendre-13.html","","","","data:image/png;base64,iVBORw0KGgoAAAANSUhEUgAAAAEAAAABCAYAAAAfFcSJAAAAAXNSR0IArs4c6QAAAARnQU1BAACxjwv8YQUAAAAJcEhZcwAADsQAAA7EAZUrDhsAAAANSURBVBhXYzh8+PB/AAffA0nNPuCLAAAAAElFTkSuQmCC","",""
"1729549881-286","https://dakarvente.com/annonces-categorie-terrains-vendre-13.html","","","","data:image/png;base64,iVBORw0KGgoAAAANSUhEUgAAAAEAAAABCAYAAAAfFcSJAAAAAXNSR0IArs4c6QAAAARnQU1BAACxjwv8YQUAAAAJcEhZcwAADsQAAA7EAZUrDhsAAAANSURBVBhXYzh8+PB/AAffA0nNPuCLAAAAAElFTkSuQmCC","",""
"1729549881-287","https://dakarvente.com/annonces-categorie-terrains-vendre-13.html","","","","media/annonces/pics/thumbs/2db9f7ea0747133d271d15a7e7941c46.jpeg","",""
"1729549881-288","https://dakarvente.com/annonces-categorie-terrains-vendre-13.html","","","","img/location2.png","",""
"1729549881-289","https://dakarvente.com/annonces-categorie-terrains-vendre-13.html","","","","data:image/png;base64,iVBORw0KGgoAAAANSUhEUgAAAAEAAAABCAYAAAAfFcSJAAAAAXNSR0IArs4c6QAAAARnQU1BAACxjwv8YQUAAAAJcEhZcwAADsQAAA7EAZUrDhsAAAANSURBVBhXYzh8+PB/AAffA0nNPuCLAAAAAElFTkSuQmCC","",""
"1729549881-290","https://dakarvente.com/annonces-categorie-terrains-vendre-13.html","","","","data:image/png;base64,iVBORw0KGgoAAAANSUhEUgAAAAEAAAABCAYAAAAfFcSJAAAAAXNSR0IArs4c6QAAAARnQU1BAACxjwv8YQUAAAAJcEhZcwAADsQAAA7EAZUrDhsAAAANSURBVBhXYzh8+PB/AAffA0nNPuCLAAAAAElFTkSuQmCC","",""
"1729549881-291","https://dakarvente.com/annonces-categorie-terrains-vendre-13.html","","","","data:image/png;base64,iVBORw0KGgoAAAANSUhEUgAAAAEAAAABCAYAAAAfFcSJAAAAAXNSR0IArs4c6QAAAARnQU1BAACxjwv8YQUAAAAJcEhZcwAADsQAAA7EAZUrDhsAAAANSURBVBhXYzh8+PB/AAffA0nNPuCLAAAAAElFTkSuQmCC","",""
"1729549881-292","https://dakarvente.com/annonces-categorie-terrains-vendre-13.html","","","","media/annonces/pics/thumbs/1271a5b7c90bafcb6b9e65490259a7e1.jpeg","",""
"1729549881-293","https://dakarvente.com/annonces-categorie-terrains-vendre-13.html","","","","img/location2.png","",""
"1729549881-294","https://dakarvente.com/annonces-categorie-terrains-vendre-13.html","","","","data:image/png;base64,iVBORw0KGgoAAAANSUhEUgAAAAEAAAABCAYAAAAfFcSJAAAAAXNSR0IArs4c6QAAAARnQU1BAACxjwv8YQUAAAAJcEhZcwAADsQAAA7EAZUrDhsAAAANSURBVBhXYzh8+PB/AAffA0nNPuCLAAAAAElFTkSuQmCC","",""
"1729549881-295","https://dakarvente.com/annonces-categorie-terrains-vendre-13.html","","","","media/annonces/pics/thumbs/b4fd0980fd43ab730291202f7b971cc8.jpeg","",""
"1729549881-296","https://dakarvente.com/annonces-categorie-terrains-vendre-13.html","","","","img/location2.png","",""
"1729549881-297","https://dakarvente.com/annonces-categorie-terrains-vendre-13.html","","","","data:image/png;base64,iVBORw0KGgoAAAANSUhEUgAAAAEAAAABCAYAAAAfFcSJAAAAAXNSR0IArs4c6QAAAARnQU1BAACxjwv8YQUAAAAJcEhZcwAADsQAAA7EAZUrDhsAAAANSURBVBhXYzh8+PB/AAffA0nNPuCLAAAAAElFTkSuQmCC","",""
"1729549881-298","https://dakarvente.com/annonces-categorie-terrains-vendre-13.html","","","","media/annonces/pics/thumbs/94235710fd9dca9de59bd18ae9da9791.jpeg","",""
"1729549881-299","https://dakarvente.com/annonces-categorie-terrains-vendre-13.html","","","","img/location2.png","",""
"1729549881-300","https://dakarvente.com/annonces-categorie-terrains-vendre-13.html","","","","data:image/png;base64,iVBORw0KGgoAAAANSUhEUgAAAAEAAAABCAYAAAAfFcSJAAAAAXNSR0IArs4c6QAAAARnQU1BAACxjwv8YQUAAAAJcEhZcwAADsQAAA7EAZUrDhsAAAANSURBVBhXYzh8+PB/AAffA0nNPuCLAAAAAElFTkSuQmCC","",""
"1729549881-301","https://dakarvente.com/annonces-categorie-terrains-vendre-13.html","","","","media/annonces/pics/thumbs/dbdfe7d5c68e5fd73843cc29c30abeeb.jpeg","",""
"1729549881-302","https://dakarvente.com/annonces-categorie-terrains-vendre-13.html","","","","img/location2.png","",""
"1729549881-303","https://dakarvente.com/annonces-categorie-terrains-vendre-13.html","","","","data:image/png;base64,iVBORw0KGgoAAAANSUhEUgAAAAEAAAABCAYAAAAfFcSJAAAAAXNSR0IArs4c6QAAAARnQU1BAACxjwv8YQUAAAAJcEhZcwAADsQAAA7EAZUrDhsAAAANSURBVBhXYzh8+PB/AAffA0nNPuCLAAAAAElFTkSuQmCC","",""
"1729549881-304","https://dakarvente.com/annonces-categorie-terrains-vendre-13.html","","","","data:image/png;base64,iVBORw0KGgoAAAANSUhEUgAAAAEAAAABCAYAAAAfFcSJAAAAAXNSR0IArs4c6QAAAARnQU1BAACxjwv8YQUAAAAJcEhZcwAADsQAAA7EAZUrDhsAAAANSURBVBhXYzh8+PB/AAffA0nNPuCLAAAAAElFTkSuQmCC","",""
"1729549881-305","https://dakarvente.com/annonces-categorie-terrains-vendre-13.html","","","","data:image/png;base64,iVBORw0KGgoAAAANSUhEUgAAAAEAAAABCAYAAAAfFcSJAAAAAXNSR0IArs4c6QAAAARnQU1BAACxjwv8YQUAAAAJcEhZcwAADsQAAA7EAZUrDhsAAAANSURBVBhXYzh8+PB/AAffA0nNPuCLAAAAAElFTkSuQmCC","",""
"1729549881-306","https://dakarvente.com/annonces-categorie-terrains-vendre-13.html","","","","media/annonces/pics/thumbs/f0634503f50c5497ccb3c2626cba7a6f.jpeg","",""
"1729549881-307","https://dakarvente.com/annonces-categorie-terrains-vendre-13.html","","","","img/location2.png","",""
"1729549881-308","https://dakarvente.com/annonces-categorie-terrains-vendre-13.html","","","","data:image/png;base64,iVBORw0KGgoAAAANSUhEUgAAAAEAAAABCAYAAAAfFcSJAAAAAXNSR0IArs4c6QAAAARnQU1BAACxjwv8YQUAAAAJcEhZcwAADsQAAA7EAZUrDhsAAAANSURBVBhXYzh8+PB/AAffA0nNPuCLAAAAAElFTkSuQmCC","",""
"1729549881-309","https://dakarvente.com/annonces-categorie-terrains-vendre-13.html","","","","data:image/png;base64,iVBORw0KGgoAAAANSUhEUgAAAAEAAAABCAYAAAAfFcSJAAAAAXNSR0IArs4c6QAAAARnQU1BAACxjwv8YQUAAAAJcEhZcwAADsQAAA7EAZUrDhsAAAANSURBVBhXYzh8+PB/AAffA0nNPuCLAAAAAElFTkSuQmCC","",""
"1729549881-310","https://dakarvente.com/annonces-categorie-terrains-vendre-13.html","","","","data:image/png;base64,iVBORw0KGgoAAAANSUhEUgAAAAEAAAABCAYAAAAfFcSJAAAAAXNSR0IArs4c6QAAAARnQU1BAACxjwv8YQUAAAAJcEhZcwAADsQAAA7EAZUrDhsAAAANSURBVBhXYzh8+PB/AAffA0nNPuCLAAAAAElFTkSuQmCC","",""
"1729549881-311","https://dakarvente.com/annonces-categorie-terrains-vendre-13.html","","","","media/annonces/pics/thumbs/bf7e2e8453d30a8947f74d94a15231e5.jpeg","",""
"1729549881-312","https://dakarvente.com/annonces-categorie-terrains-vendre-13.html","","","","img/location2.png","",""
"1729549881-313","https://dakarvente.com/annonces-categorie-terrains-vendre-13.html","","","","data:image/png;base64,iVBORw0KGgoAAAANSUhEUgAAAAEAAAABCAYAAAAfFcSJAAAAAXNSR0IArs4c6QAAAARnQU1BAACxjwv8YQUAAAAJcEhZcwAADsQAAA7EAZUrDhsAAAANSURBVBhXYzh8+PB/AAffA0nNPuCLAAAAAElFTkSuQmCC","",""
"1729549881-314","https://dakarvente.com/annonces-categorie-terrains-vendre-13.html","","","","media/annonces/pics/thumbs/c5e257ea893d7c70736d530bc9844c85.jpeg","",""
"1729549881-315","https://dakarvente.com/annonces-categorie-terrains-vendre-13.html","","","","img/location2.png","",""
"1729549881-316","https://dakarvente.com/annonces-categorie-terrains-vendre-13.html","","","","data:image/png;base64,iVBORw0KGgoAAAANSUhEUgAAAAEAAAABCAYAAAAfFcSJAAAAAXNSR0IArs4c6QAAAARnQU1BAACxjwv8YQUAAAAJcEhZcwAADsQAAA7EAZUrDhsAAAANSURBVBhXYzh8+PB/AAffA0nNPuCLAAAAAElFTkSuQmCC","",""
"1729549881-317","https://dakarvente.com/annonces-categorie-terrains-vendre-13.html","","","","media/annonces/pics/thumbs/0129289201871ffee04e2c0183c1745a.jpeg","",""
"1729549881-318","https://dakarvente.com/annonces-categorie-terrains-vendre-13.html","","","","img/location2.png","",""
"1729549881-319","https://dakarvente.com/annonces-categorie-terrains-vendre-13.html","","","","data:image/png;base64,iVBORw0KGgoAAAANSUhEUgAAAAEAAAABCAYAAAAfFcSJAAAAAXNSR0IArs4c6QAAAARnQU1BAACxjwv8YQUAAAAJcEhZcwAADsQAAA7EAZUrDhsAAAANSURBVBhXYzh8+PB/AAffA0nNPuCLAAAAAElFTkSuQmCC","",""
"1729549881-320","https://dakarvente.com/annonces-categorie-terrains-vendre-13.html","","","","media/annonces/pics/thumbs/5b7a9b90228bf6522c8fb1622197b278.jpeg","",""
"1729549881-321","https://dakarvente.com/annonces-categorie-terrains-vendre-13.html","","","","img/location2.png","",""
"1729549881-322","https://dakarvente.com/annonces-categorie-terrains-vendre-13.html","","","","data:image/png;base64,iVBORw0KGgoAAAANSUhEUgAAAAEAAAABCAYAAAAfFcSJAAAAAXNSR0IArs4c6QAAAARnQU1BAACxjwv8YQUAAAAJcEhZcwAADsQAAA7EAZUrDhsAAAANSURBVBhXYzh8+PB/AAffA0nNPuCLAAAAAElFTkSuQmCC","",""
"1729549881-323","https://dakarvente.com/annonces-categorie-terrains-vendre-13.html","","","","data:image/png;base64,iVBORw0KGgoAAAANSUhEUgAAAAEAAAABCAYAAAAfFcSJAAAAAXNSR0IArs4c6QAAAARnQU1BAACxjwv8YQUAAAAJcEhZcwAADsQAAA7EAZUrDhsAAAANSURBVBhXYzh8+PB/AAffA0nNPuCLAAAAAElFTkSuQmCC","",""
"1729549881-324","https://dakarvente.com/annonces-categorie-terrains-vendre-13.html","","","","data:image/png;base64,iVBORw0KGgoAAAANSUhEUgAAAAEAAAABCAYAAAAfFcSJAAAAAXNSR0IArs4c6QAAAARnQU1BAACxjwv8YQUAAAAJcEhZcwAADsQAAA7EAZUrDhsAAAANSURBVBhXYzh8+PB/AAffA0nNPuCLAAAAAElFTkSuQmCC","",""
"1729549881-325","https://dakarvente.com/annonces-categorie-terrains-vendre-13.html","","","","media/annonces/pics/thumbs/5e1d6de6c45ba9048b4b0e218db74434.jpeg","",""
"1729549881-326","https://dakarvente.com/annonces-categorie-terrains-vendre-13.html","","","","img/location2.png","",""
"1729549881-327","https://dakarvente.com/annonces-categorie-terrains-vendre-13.html","","","","data:image/png;base64,iVBORw0KGgoAAAANSUhEUgAAAAEAAAABCAYAAAAfFcSJAAAAAXNSR0IArs4c6QAAAARnQU1BAACxjwv8YQUAAAAJcEhZcwAADsQAAA7EAZUrDhsAAAANSURBVBhXYzh8+PB/AAffA0nNPuCLAAAAAElFTkSuQmCC","",""
"1729549881-328","https://dakarvente.com/annonces-categorie-terrains-vendre-13.html","","","","data:image/png;base64,iVBORw0KGgoAAAANSUhEUgAAAAEAAAABCAYAAAAfFcSJAAAAAXNSR0IArs4c6QAAAARnQU1BAACxjwv8YQUAAAAJcEhZcwAADsQAAA7EAZUrDhsAAAANSURBVBhXYzh8+PB/AAffA0nNPuCLAAAAAElFTkSuQmCC","",""
"1729549881-329","https://dakarvente.com/annonces-categorie-terrains-vendre-13.html","","","","data:image/png;base64,iVBORw0KGgoAAAANSUhEUgAAAAEAAAABCAYAAAAfFcSJAAAAAXNSR0IArs4c6QAAAARnQU1BAACxjwv8YQUAAAAJcEhZcwAADsQAAA7EAZUrDhsAAAANSURBVBhXYzh8+PB/AAffA0nNPuCLAAAAAElFTkSuQmCC","",""
"1729549881-330","https://dakarvente.com/annonces-categorie-terrains-vendre-13.html","","","","media/annonces/pics/thumbs/4c041189f4ea97354246cab6c165a6ff.jpeg","",""
"1729549881-331","https://dakarvente.com/annonces-categorie-terrains-vendre-13.html","","","","img/location2.png","",""
"1729549881-332","https://dakarvente.com/annonces-categorie-terrains-vendre-13.html","","","","data:image/png;base64,iVBORw0KGgoAAAANSUhEUgAAAAEAAAABCAYAAAAfFcSJAAAAAXNSR0IArs4c6QAAAARnQU1BAACxjwv8YQUAAAAJcEhZcwAADsQAAA7EAZUrDhsAAAANSURBVBhXYzh8+PB/AAffA0nNPuCLAAAAAElFTkSuQmCC","",""
"1729549881-333","https://dakarvente.com/annonces-categorie-terrains-vendre-13.html","","","","media/annonces/pics/thumbs/92f42a4015f00173c472f3ea4a851387.jpeg","",""
"1729549881-334","https://dakarvente.com/annonces-categorie-terrains-vendre-13.html","","","","img/location2.png","",""
"1729549881-335","https://dakarvente.com/annonces-categorie-terrains-vendre-13.html","","","","data:image/png;base64,iVBORw0KGgoAAAANSUhEUgAAAAEAAAABCAYAAAAfFcSJAAAAAXNSR0IArs4c6QAAAARnQU1BAACxjwv8YQUAAAAJcEhZcwAADsQAAA7EAZUrDhsAAAANSURBVBhXYzh8+PB/AAffA0nNPuCLAAAAAElFTkSuQmCC","",""
"1729549881-336","https://dakarvente.com/annonces-categorie-terrains-vendre-13.html","","","","media/annonces/pics/thumbs/20e38987f96e15cacf22ddaf7e9bf7db.jpeg","",""
"1729549881-337","https://dakarvente.com/annonces-categorie-terrains-vendre-13.html","","","","img/location2.png","",""
"1729549881-338","https://dakarvente.com/annonces-categorie-terrains-vendre-13.html","","","","data:image/png;base64,iVBORw0KGgoAAAANSUhEUgAAAAEAAAABCAYAAAAfFcSJAAAAAXNSR0IArs4c6QAAAARnQU1BAACxjwv8YQUAAAAJcEhZcwAADsQAAA7EAZUrDhsAAAANSURBVBhXYzh8+PB/AAffA0nNPuCLAAAAAElFTkSuQmCC","",""
"1729549881-339","https://dakarvente.com/annonces-categorie-terrains-vendre-13.html","","","","img/nophoto.png","",""
"1729549881-340","https://dakarvente.com/annonces-categorie-terrains-vendre-13.html","","","","img/location2.png","",""
"1729549881-341","https://dakarvente.com/annonces-categorie-terrains-vendre-13.html","","","","data:image/png;base64,iVBORw0KGgoAAAANSUhEUgAAAAEAAAABCAYAAAAfFcSJAAAAAXNSR0IArs4c6QAAAARnQU1BAACxjwv8YQUAAAAJcEhZcwAADsQAAA7EAZUrDhsAAAANSURBVBhXYzh8+PB/AAffA0nNPuCLAAAAAElFTkSuQmCC","",""
"1729549881-342","https://dakarvente.com/annonces-categorie-terrains-vendre-13.html","","","","data:image/png;base64,iVBORw0KGgoAAAANSUhEUgAAAAEAAAABCAYAAAAfFcSJAAAAAXNSR0IArs4c6QAAAARnQU1BAACxjwv8YQUAAAAJcEhZcwAADsQAAA7EAZUrDhsAAAANSURBVBhXYzh8+PB/AAffA0nNPuCLAAAAAElFTkSuQmCC","",""
"1729549881-343","https://dakarvente.com/annonces-categorie-terrains-vendre-13.html","","","","data:image/png;base64,iVBORw0KGgoAAAANSUhEUgAAAAEAAAABCAYAAAAfFcSJAAAAAXNSR0IArs4c6QAAAARnQU1BAACxjwv8YQUAAAAJcEhZcwAADsQAAA7EAZUrDhsAAAANSURBVBhXYzh8+PB/AAffA0nNPuCLAAAAAElFTkSuQmCC","",""
"1729549881-344","https://dakarvente.com/annonces-categorie-terrains-vendre-13.html","","","","media/annonces/pics/thumbs/00a608c7939ab0823451c8dc417e36ab.jpeg","",""
"1729549881-345","https://dakarvente.com/annonces-categorie-terrains-vendre-13.html","","","","img/location2.png","",""
"1729549881-346","https://dakarvente.com/annonces-categorie-terrains-vendre-13.html","","","","data:image/png;base64,iVBORw0KGgoAAAANSUhEUgAAAAEAAAABCAYAAAAfFcSJAAAAAXNSR0IArs4c6QAAAARnQU1BAACxjwv8YQUAAAAJcEhZcwAADsQAAA7EAZUrDhsAAAANSURBVBhXYzh8+PB/AAffA0nNPuCLAAAAAElFTkSuQmCC","",""
"1729549881-347","https://dakarvente.com/annonces-categorie-terrains-vendre-13.html","","","","media/annonces/pics/thumbs/79c4815dd65b1c164f90dfdaadb9bcac.jpeg","",""
"1729549881-348","https://dakarvente.com/annonces-categorie-terrains-vendre-13.html","","","","img/location2.png","",""
"1729549881-349","https://dakarvente.com/annonces-categorie-terrains-vendre-13.html","","","","data:image/png;base64,iVBORw0KGgoAAAANSUhEUgAAAAEAAAABCAYAAAAfFcSJAAAAAXNSR0IArs4c6QAAAARnQU1BAACxjwv8YQUAAAAJcEhZcwAADsQAAA7EAZUrDhsAAAANSURBVBhXYzh8+PB/AAffA0nNPuCLAAAAAElFTkSuQmCC","",""
"1729549881-350","https://dakarvente.com/annonces-categorie-terrains-vendre-13.html","","","","data:image/png;base64,iVBORw0KGgoAAAANSUhEUgAAAAEAAAABCAYAAAAfFcSJAAAAAXNSR0IArs4c6QAAAARnQU1BAACxjwv8YQUAAAAJcEhZcwAADsQAAA7EAZUrDhsAAAANSURBVBhXYzh8+PB/AAffA0nNPuCLAAAAAElFTkSuQmCC","",""
"1729549881-351","https://dakarvente.com/annonces-categorie-terrains-vendre-13.html","","","","data:image/png;base64,iVBORw0KGgoAAAANSUhEUgAAAAEAAAABCAYAAAAfFcSJAAAAAXNSR0IArs4c6QAAAARnQU1BAACxjwv8YQUAAAAJcEhZcwAADsQAAA7EAZUrDhsAAAANSURBVBhXYzh8+PB/AAffA0nNPuCLAAAAAElFTkSuQmCC","",""
"1729549881-352","https://dakarvente.com/annonces-categorie-terrains-vendre-13.html","","","","media/annonces/pics/thumbs/2d122b1808573cf604da4897d83cb692.jpeg","",""
"1729549881-353","https://dakarvente.com/annonces-categorie-terrains-vendre-13.html","","","","img/location2.png","",""
"1729549881-354","https://dakarvente.com/annonces-categorie-terrains-vendre-13.html","","","","data:image/png;base64,iVBORw0KGgoAAAANSUhEUgAAAAEAAAABCAYAAAAfFcSJAAAAAXNSR0IArs4c6QAAAARnQU1BAACxjwv8YQUAAAAJcEhZcwAADsQAAA7EAZUrDhsAAAANSURBVBhXYzh8+PB/AAffA0nNPuCLAAAAAElFTkSuQmCC","",""
"1729549881-355","https://dakarvente.com/annonces-categorie-terrains-vendre-13.html","","","","media/annonces/pics/thumbs/6f30f124f51669c995849eb8655d58d0.jpeg","",""
"1729549881-356","https://dakarvente.com/annonces-categorie-terrains-vendre-13.html","","","","img/location2.png","",""
"1729549881-357","https://dakarvente.com/annonces-categorie-terrains-vendre-13.html","","","","data:image/png;base64,iVBORw0KGgoAAAANSUhEUgAAAAEAAAABCAYAAAAfFcSJAAAAAXNSR0IArs4c6QAAAARnQU1BAACxjwv8YQUAAAAJcEhZcwAADsQAAA7EAZUrDhsAAAANSURBVBhXYzh8+PB/AAffA0nNPuCLAAAAAElFTkSuQmCC","",""
"1729549881-358","https://dakarvente.com/annonces-categorie-terrains-vendre-13.html","","","","media/annonces/pics/thumbs/a0662b0326052589a1d7a8aa0789505d.jpg","",""
"1729549881-359","https://dakarvente.com/annonces-categorie-terrains-vendre-13.html","","","","img/location2.png","",""
"1729549881-360","https://dakarvente.com/annonces-categorie-terrains-vendre-13.html","","","","data:image/png;base64,iVBORw0KGgoAAAANSUhEUgAAAAEAAAABCAYAAAAfFcSJAAAAAXNSR0IArs4c6QAAAARnQU1BAACxjwv8YQUAAAAJcEhZcwAADsQAAA7EAZUrDhsAAAANSURBVBhXYzh8+PB/AAffA0nNPuCLAAAAAElFTkSuQmCC","",""
"1729549881-361","https://dakarvente.com/annonces-categorie-terrains-vendre-13.html","","","","data:image/png;base64,iVBORw0KGgoAAAANSUhEUgAAAAEAAAABCAYAAAAfFcSJAAAAAXNSR0IArs4c6QAAAARnQU1BAACxjwv8YQUAAAAJcEhZcwAADsQAAA7EAZUrDhsAAAANSURBVBhXYzh8+PB/AAffA0nNPuCLAAAAAElFTkSuQmCC","",""
"1729549881-362","https://dakarvente.com/annonces-categorie-terrains-vendre-13.html","","","","data:image/png;base64,iVBORw0KGgoAAAANSUhEUgAAAAEAAAABCAYAAAAfFcSJAAAAAXNSR0IArs4c6QAAAARnQU1BAACxjwv8YQUAAAAJcEhZcwAADsQAAA7EAZUrDhsAAAANSURBVBhXYzh8+PB/AAffA0nNPuCLAAAAAElFTkSuQmCC","",""
"1729549881-363","https://dakarvente.com/annonces-categorie-terrains-vendre-13.html","","","","media/annonces/pics/thumbs/6fbf3dadb00e43d66cdd5d36c45ea7bf.jpeg","",""
"1729549881-364","https://dakarvente.com/annonces-categorie-terrains-vendre-13.html","","","","img/location2.png","",""
"1729549881-365","https://dakarvente.com/annonces-categorie-terrains-vendre-13.html","","","","data:image/png;base64,iVBORw0KGgoAAAANSUhEUgAAAAEAAAABCAYAAAAfFcSJAAAAAXNSR0IArs4c6QAAAARnQU1BAACxjwv8YQUAAAAJcEhZcwAADsQAAA7EAZUrDhsAAAANSURBVBhXYzh8+PB/AAffA0nNPuCLAAAAAElFTkSuQmCC","",""
"1729549881-366","https://dakarvente.com/annonces-categorie-terrains-vendre-13.html","","","","data:image/png;base64,iVBORw0KGgoAAAANSUhEUgAAAAEAAAABCAYAAAAfFcSJAAAAAXNSR0IArs4c6QAAAARnQU1BAACxjwv8YQUAAAAJcEhZcwAADsQAAA7EAZUrDhsAAAANSURBVBhXYzh8+PB/AAffA0nNPuCLAAAAAElFTkSuQmCC","",""
"1729549881-367","https://dakarvente.com/annonces-categorie-terrains-vendre-13.html","","","","data:image/png;base64,iVBORw0KGgoAAAANSUhEUgAAAAEAAAABCAYAAAAfFcSJAAAAAXNSR0IArs4c6QAAAARnQU1BAACxjwv8YQUAAAAJcEhZcwAADsQAAA7EAZUrDhsAAAANSURBVBhXYzh8+PB/AAffA0nNPuCLAAAAAElFTkSuQmCC","",""
"1729549881-368","https://dakarvente.com/annonces-categorie-terrains-vendre-13.html","","","","media/annonces/pics/thumbs/71f79d77539aa2ad208de5b0dfbe55f4.jpeg","",""
"1729549881-369","https://dakarvente.com/annonces-categorie-terrains-vendre-13.html","","","","img/location2.png","",""
"1729549881-370","https://dakarvente.com/annonces-categorie-terrains-vendre-13.html","","","","data:image/png;base64,iVBORw0KGgoAAAANSUhEUgAAAAEAAAABCAYAAAAfFcSJAAAAAXNSR0IArs4c6QAAAARnQU1BAACxjwv8YQUAAAAJcEhZcwAADsQAAA7EAZUrDhsAAAANSURBVBhXYzh8+PB/AAffA0nNPuCLAAAAAElFTkSuQmCC","",""
"1729549881-371","https://dakarvente.com/annonces-categorie-terrains-vendre-13.html","","","","data:image/png;base64,iVBORw0KGgoAAAANSUhEUgAAAAEAAAABCAYAAAAfFcSJAAAAAXNSR0IArs4c6QAAAARnQU1BAACxjwv8YQUAAAAJcEhZcwAADsQAAA7EAZUrDhsAAAANSURBVBhXYzh8+PB/AAffA0nNPuCLAAAAAElFTkSuQmCC","",""
"1729549881-372","https://dakarvente.com/annonces-categorie-terrains-vendre-13.html","","","","data:image/png;base64,iVBORw0KGgoAAAANSUhEUgAAAAEAAAABCAYAAAAfFcSJAAAAAXNSR0IArs4c6QAAAARnQU1BAACxjwv8YQUAAAAJcEhZcwAADsQAAA7EAZUrDhsAAAANSURBVBhXYzh8+PB/AAffA0nNPuCLAAAAAElFTkSuQmCC","",""
"1729549881-373","https://dakarvente.com/annonces-categorie-terrains-vendre-13.html","","","","img/nophoto.png","",""
"1729549881-374","https://dakarvente.com/annonces-categorie-terrains-vendre-13.html","","","","img/location2.png","",""
"1729549881-375","https://dakarvente.com/annonces-categorie-terrains-vendre-13.html","","","","data:image/png;base64,iVBORw0KGgoAAAANSUhEUgAAAAEAAAABCAYAAAAfFcSJAAAAAXNSR0IArs4c6QAAAARnQU1BAACxjwv8YQUAAAAJcEhZcwAADsQAAA7EAZUrDhsAAAANSURBVBhXYzh8+PB/AAffA0nNPuCLAAAAAElFTkSuQmCC","",""
"1729549881-376","https://dakarvente.com/annonces-categorie-terrains-vendre-13.html","","","","data:image/png;base64,iVBORw0KGgoAAAANSUhEUgAAAAEAAAABCAYAAAAfFcSJAAAAAXNSR0IArs4c6QAAAARnQU1BAACxjwv8YQUAAAAJcEhZcwAADsQAAA7EAZUrDhsAAAANSURBVBhXYzh8+PB/AAffA0nNPuCLAAAAAElFTkSuQmCC","",""
"1729549881-377","https://dakarvente.com/annonces-categorie-terrains-vendre-13.html","","","","data:image/png;base64,iVBORw0KGgoAAAANSUhEUgAAAAEAAAABCAYAAAAfFcSJAAAAAXNSR0IArs4c6QAAAARnQU1BAACxjwv8YQUAAAAJcEhZcwAADsQAAA7EAZUrDhsAAAANSURBVBhXYzh8+PB/AAffA0nNPuCLAAAAAElFTkSuQmCC","",""
"1729549881-378","https://dakarvente.com/annonces-categorie-terrains-vendre-13.html","","","","media/annonces/pics/thumbs/97f1e7fdb4f22aabc0cd6748d6f8cd5b.jpeg","",""
"1729549881-379","https://dakarvente.com/annonces-categorie-terrains-vendre-13.html","","","","img/location2.png","",""
"1729549881-380","https://dakarvente.com/annonces-categorie-terrains-vendre-13.html","","","","data:image/png;base64,iVBORw0KGgoAAAANSUhEUgAAAAEAAAABCAYAAAAfFcSJAAAAAXNSR0IArs4c6QAAAARnQU1BAACxjwv8YQUAAAAJcEhZcwAADsQAAA7EAZUrDhsAAAANSURBVBhXYzh8+PB/AAffA0nNPuCLAAAAAElFTkSuQmCC","",""
"1729549881-381","https://dakarvente.com/annonces-categorie-terrains-vendre-13.html","","","","media/annonces/pics/thumbs/66e0f5fad377664f9fa6747824f353f8.jpeg","",""
"1729549881-382","https://dakarvente.com/annonces-categorie-terrains-vendre-13.html","","","","img/location2.png","",""
"1729549881-383","https://dakarvente.com/annonces-categorie-terrains-vendre-13.html","","","","data:image/png;base64,iVBORw0KGgoAAAANSUhEUgAAAAEAAAABCAYAAAAfFcSJAAAAAXNSR0IArs4c6QAAAARnQU1BAACxjwv8YQUAAAAJcEhZcwAADsQAAA7EAZUrDhsAAAANSURBVBhXYzh8+PB/AAffA0nNPuCLAAAAAElFTkSuQmCC","",""
"1729549881-384","https://dakarvente.com/annonces-categorie-terrains-vendre-13.html","","","","","2","https://dakarvente.com/index.php?page=annonces_categorie&id=13&sort=&nb=2"
"1729549881-385","https://dakarvente.com/annonces-categorie-terrains-vendre-13.html","","","","","3","https://dakarvente.com/index.php?page=annonces_categorie&id=13&sort=&nb=3"
"1729549881-386","https://dakarvente.com/annonces-categorie-terrains-vendre-13.html","","","","","4","https://dakarvente.com/index.php?page=annonces_categorie&id=13&sort=&nb=4"
"1729549881-387","https://dakarvente.com/annonces-categorie-terrains-vendre-13.html","","","","","54","https://dakarvente.com/index.php?page=annonces_categorie&id=13&sort=&nb=54"
"1729549881-388","https://dakarvente.com/annonces-categorie-terrains-vendre-13.html","","","","","Suivant »","https://dakarvente.com/index.php?page=annonces_categorie&id=13&sort=&nb=2"
