web-scraper-order,web-scraper-start-url,descriptions,prix,Addresses,Images-src,Paginations,Paginations-href
"1729549931-1","https://dakarvente.com/annonces-categorie-appartements-vendre-61.html","Appartement A Vendre","","","media/annonces/pics/thumbs/a18dcf362eb6999224af307ad195d7f4.jpg","2","https://dakarvente.com/index.php?page=annonces_categorie&id=61&sort=&nb=2"
"1729549931-2","https://dakarvente.com/annonces-categorie-appartements-vendre-61.html","APPARTEMENTS F4 A VENDRE EN LOCATION VENTE","","","media/annonces/pics/thumbs/a18dcf362eb6999224af307ad195d7f4.jpg","2","https://dakarvente.com/index.php?page=annonces_categorie&id=61&sort=&nb=2"
"1729549931-3","https://dakarvente.com/annonces-categorie-appartements-vendre-61.html","Appartement Meublé à vendre à Dakar Sénégal","","","media/annonces/pics/thumbs/a18dcf362eb6999224af307ad195d7f4.jpg","2","https://dakarvente.com/index.php?page=annonces_categorie&id=61&sort=&nb=2"
"1729549931-4","https://dakarvente.com/annonces-categorie-appartements-vendre-61.html","Appartement à vendre","","","media/annonces/pics/thumbs/a18dcf362eb6999224af307ad195d7f4.jpg","2","https://dakarvente.com/index.php?page=annonces_categorie&id=61&sort=&nb=2"
"1729549931-5","https://dakarvente.com/annonces-categorie-appartements-vendre-61.html","appartement à vendre","","","media/annonces/pics/thumbs/a18dcf362eb6999224af307ad195d7f4.jpg","2","https://dakarvente.com/index.php?page=annonces_categorie&id=61&sort=&nb=2"
"1729549931-6","https://dakarvente.com/annonces-categorie-appartements-vendre-61.html","APPARTEMENT A VENDRE","","","media/annonces/pics/thumbs/a18dcf362eb6999224af307ad195d7f4.jpg","2","https://dakarvente.com/index.php?page=annonces_categorie&id=61&sort=&nb=2"
"1729549931-7","https://dakarvente.com/annonces-categorie-appartements-vendre-61.html","APPARTEMENT F4 À VENDRE YOFF VIRAGE","","","media/annonces/pics/thumbs/a18dcf362eb6999224af307ad195d7f4.jpg","2","https://dakarvente.com/index.php?page=annonces_categorie&id=61&sort=&nb=2"
"1729549931-8","https://dakarvente.com/annonces-categorie-appartements-vendre-61.html","bel appartement à vendre","","","media/annonces/pics/thumbs/a18dcf362eb6999224af307ad195d7f4.jpg","2","https://dakarvente.com/index.php?page=annonces_categorie&id=61&sort=&nb=2"
"1729549931-9","https://dakarvente.com/annonces-categorie-appartements-vendre-61.html","F5 A VENDRE A OUEST FOIRE","","","media/annonces/pics/thumbs/a18dcf362eb6999224af307ad195d7f4.jpg","2","https://dakarvente.com/index.php?page=annonces_categorie&id=61&sort=&nb=2"
"1729549931-10","https://dakarvente.com/annonces-categorie-appartements-vendre-61.html","F4 A VENDRE A FANN HOCK","","","media/annonces/pics/thumbs/a18dcf362eb6999224af307ad195d7f4.jpg","2","https://dakarvente.com/index.php?page=annonces_categorie&id=61&sort=&nb=2"
"1729549931-11","https://dakarvente.com/annonces-categorie-appartements-vendre-61.html","F4 A VENDRE AU PLATEAU","","","media/annonces/pics/thumbs/a18dcf362eb6999224af307ad195d7f4.jpg","2","https://dakarvente.com/index.php?page=annonces_categorie&id=61&sort=&nb=2"
"1729549931-12","https://dakarvente.com/annonces-categorie-appartements-vendre-61.html","F4 A VENDRE AU VIRAGE","","","media/annonces/pics/thumbs/a18dcf362eb6999224af307ad195d7f4.jpg","2","https://dakarvente.com/index.php?page=annonces_categorie&id=61&sort=&nb=2"
"1729549931-13","https://dakarvente.com/annonces-categorie-appartements-vendre-61.html","F2/F3 A VENDRE A LA MEDINA","","","media/annonces/pics/thumbs/a18dcf362eb6999224af307ad195d7f4.jpg","2","https://dakarvente.com/index.php?page=annonces_categorie&id=61&sort=&nb=2"
"1729549931-14","https://dakarvente.com/annonces-categorie-appartements-vendre-61.html","APPARTEMENT F2 A VENDRE AUX MAMELLES ALMADIES","","","media/annonces/pics/thumbs/a18dcf362eb6999224af307ad195d7f4.jpg","2","https://dakarvente.com/index.php?page=annonces_categorie&id=61&sort=&nb=2"
"1729549931-15","https://dakarvente.com/annonces-categorie-appartements-vendre-61.html","TRES JOLI APPARTEMENT À VENDRE","","","media/annonces/pics/thumbs/a18dcf362eb6999224af307ad195d7f4.jpg","2","https://dakarvente.com/index.php?page=annonces_categorie&id=61&sort=&nb=2"
"1729549931-16","https://dakarvente.com/annonces-categorie-appartements-vendre-61.html","APPARTEMENT À VENDRE UNE BELLE OPPORTUNITÉ","","","media/annonces/pics/thumbs/a18dcf362eb6999224af307ad195d7f4.jpg","2","https://dakarvente.com/index.php?page=annonces_categorie&id=61&sort=&nb=2"
"1729549931-17","https://dakarvente.com/annonces-categorie-appartements-vendre-61.html","Vente appartements au point e","","","media/annonces/pics/thumbs/a18dcf362eb6999224af307ad195d7f4.jpg","2","https://dakarvente.com/index.php?page=annonces_categorie&id=61&sort=&nb=2"
"1729549931-18","https://dakarvente.com/annonces-categorie-appartements-vendre-61.html","APPARTEMENT F4 FOIRE CITY A VENDRE","","","media/annonces/pics/thumbs/a18dcf362eb6999224af307ad195d7f4.jpg","2","https://dakarvente.com/index.php?page=annonces_categorie&id=61&sort=&nb=2"
"1729549931-19","https://dakarvente.com/annonces-categorie-appartements-vendre-61.html","F2 A VENDRE SUR LA RESIDENCE FOIRE CITY","","","media/annonces/pics/thumbs/a18dcf362eb6999224af307ad195d7f4.jpg","2","https://dakarvente.com/index.php?page=annonces_categorie&id=61&sort=&nb=2"
"1729549931-20","https://dakarvente.com/annonces-categorie-appartements-vendre-61.html","LA RÉSIDENCE FOIRE CITY","","","media/annonces/pics/thumbs/a18dcf362eb6999224af307ad195d7f4.jpg","2","https://dakarvente.com/index.php?page=annonces_categorie&id=61&sort=&nb=2"
"1729549931-21","https://dakarvente.com/annonces-categorie-appartements-vendre-61.html","VENTE APPARTEMENT F2 VIRAGE","","","media/annonces/pics/thumbs/a18dcf362eb6999224af307ad195d7f4.jpg","2","https://dakarvente.com/index.php?page=annonces_categorie&id=61&sort=&nb=2"
"1729549931-22","https://dakarvente.com/annonces-categorie-appartements-vendre-61.html","BEL F3 en bordure de route","","","media/annonces/pics/thumbs/a18dcf362eb6999224af307ad195d7f4.jpg","2","https://dakarvente.com/index.php?page=annonces_categorie&id=61&sort=&nb=2"
"1729549931-23","https://dakarvente.com/annonces-categorie-appartements-vendre-61.html","Vente d'appartements en VEFA à Dakar plateau","","","media/annonces/pics/thumbs/a18dcf362eb6999224af307ad195d7f4.jpg","2","https://dakarvente.com/index.php?page=annonces_categorie&id=61&sort=&nb=2"
"1729549931-24","https://dakarvente.com/annonces-categorie-appartements-vendre-61.html","Superbe F4 neuf en bordure","","","media/annonces/pics/thumbs/a18dcf362eb6999224af307ad195d7f4.jpg","2","https://dakarvente.com/index.php?page=annonces_categorie&id=61&sort=&nb=2"
"1729549931-25","https://dakarvente.com/annonces-categorie-appartements-vendre-61.html","Appartement F3 à Vendre","","","media/annonces/pics/thumbs/a18dcf362eb6999224af307ad195d7f4.jpg","2","https://dakarvente.com/index.php?page=annonces_categorie&id=61&sort=&nb=2"
"1729549931-26","https://dakarvente.com/annonces-categorie-appartements-vendre-61.html","Studio Mamelles neuf","","","media/annonces/pics/thumbs/a18dcf362eb6999224af307ad195d7f4.jpg","2","https://dakarvente.com/index.php?page=annonces_categorie&id=61&sort=&nb=2"
"1729549931-27","https://dakarvente.com/annonces-categorie-appartements-vendre-61.html","F3 neuf en bordure de route","","","media/annonces/pics/thumbs/a18dcf362eb6999224af307ad195d7f4.jpg","2","https://dakarvente.com/index.php?page=annonces_categorie&id=61&sort=&nb=2"
"1729549931-28","https://dakarvente.com/annonces-categorie-appartements-vendre-61.html","APPARTEMENT EN VENTE","","","media/annonces/pics/thumbs/a18dcf362eb6999224af307ad195d7f4.jpg","2","https://dakarvente.com/index.php?page=annonces_categorie&id=61&sort=&nb=2"
"1729549931-29","https://dakarvente.com/annonces-categorie-appartements-vendre-61.html","F4 à vendre","","","media/annonces/pics/thumbs/a18dcf362eb6999224af307ad195d7f4.jpg","2","https://dakarvente.com/index.php?page=annonces_categorie&id=61&sort=&nb=2"
"1729549931-30","https://dakarvente.com/annonces-categorie-appartements-vendre-61.html","F4 à vendre","","","media/annonces/pics/thumbs/a18dcf362eb6999224af307ad195d7f4.jpg","2","https://dakarvente.com/index.php?page=annonces_categorie&id=61&sort=&nb=2"
"1729549931-31","https://dakarvente.com/annonces-categorie-appartements-vendre-61.html","Des appartements a vendre centre ville haut plateaux","","","media/annonces/pics/thumbs/a18dcf362eb6999224af307ad195d7f4.jpg","2","https://dakarvente.com/index.php?page=annonces_categorie&id=61&sort=&nb=2"
"1729549931-32","https://dakarvente.com/annonces-categorie-appartements-vendre-61.html","F3 haut standing à Vendre","","","media/annonces/pics/thumbs/a18dcf362eb6999224af307ad195d7f4.jpg","2","https://dakarvente.com/index.php?page=annonces_categorie&id=61&sort=&nb=2"
"1729549931-33","https://dakarvente.com/annonces-categorie-appartements-vendre-61.html","Duplex sur sacré cœur 2","","","media/annonces/pics/thumbs/a18dcf362eb6999224af307ad195d7f4.jpg","2","https://dakarvente.com/index.php?page=annonces_categorie&id=61&sort=&nb=2"
"1729549931-34","https://dakarvente.com/annonces-categorie-appartements-vendre-61.html","Studio de haut Standing à Ngor-Almadies","","","media/annonces/pics/thumbs/a18dcf362eb6999224af307ad195d7f4.jpg","2","https://dakarvente.com/index.php?page=annonces_categorie&id=61&sort=&nb=2"
"1729549931-35","https://dakarvente.com/annonces-categorie-appartements-vendre-61.html","appartement à vendre","","","media/annonces/pics/thumbs/a18dcf362eb6999224af307ad195d7f4.jpg","2","https://dakarvente.com/index.php?page=annonces_categorie&id=61&sort=&nb=2"
"1729549931-36","https://dakarvente.com/annonces-categorie-appartements-vendre-61.html","Bâtiment de 150 mètres carrés à démolir à Dakar Sénégal","","","media/annonces/pics/thumbs/a18dcf362eb6999224af307ad195d7f4.jpg","2","https://dakarvente.com/index.php?page=annonces_categorie&id=61&sort=&nb=2"
"1729549931-37","https://dakarvente.com/annonces-categorie-appartements-vendre-61.html","UN APPARTEMENT À VENDRE","","","media/annonces/pics/thumbs/a18dcf362eb6999224af307ad195d7f4.jpg","2","https://dakarvente.com/index.php?page=annonces_categorie&id=61&sort=&nb=2"
"1729549931-38","https://dakarvente.com/annonces-categorie-appartements-vendre-61.html","Studio neuf sacré cœur","","","media/annonces/pics/thumbs/a18dcf362eb6999224af307ad195d7f4.jpg","2","https://dakarvente.com/index.php?page=annonces_categorie&id=61&sort=&nb=2"
"1729549931-39","https://dakarvente.com/annonces-categorie-appartements-vendre-61.html","F3 neuf aux Mamelles","","","media/annonces/pics/thumbs/a18dcf362eb6999224af307ad195d7f4.jpg","2","https://dakarvente.com/index.php?page=annonces_categorie&id=61&sort=&nb=2"
"1729549931-40","https://dakarvente.com/annonces-categorie-appartements-vendre-61.html","Studio neuf Sacré cœur 3","","","media/annonces/pics/thumbs/a18dcf362eb6999224af307ad195d7f4.jpg","2","https://dakarvente.com/index.php?page=annonces_categorie&id=61&sort=&nb=2"
"1729549931-41","https://dakarvente.com/annonces-categorie-appartements-vendre-61.html","Bel appartement haut standing aux Almadies","","","media/annonces/pics/thumbs/a18dcf362eb6999224af307ad195d7f4.jpg","2","https://dakarvente.com/index.php?page=annonces_categorie&id=61&sort=&nb=2"
"1729549931-42","https://dakarvente.com/annonces-categorie-appartements-vendre-61.html","Appartement à vendre Dakar Almadies","","","media/annonces/pics/thumbs/a18dcf362eb6999224af307ad195d7f4.jpg","2","https://dakarvente.com/index.php?page=annonces_categorie&id=61&sort=&nb=2"
"1729549931-43","https://dakarvente.com/annonces-categorie-appartements-vendre-61.html","","40 000 000 FCFA","","media/annonces/pics/thumbs/a18dcf362eb6999224af307ad195d7f4.jpg","2","https://dakarvente.com/index.php?page=annonces_categorie&id=61&sort=&nb=2"
"1729549931-44","https://dakarvente.com/annonces-categorie-appartements-vendre-61.html","","Diamniadio","","media/annonces/pics/thumbs/a18dcf362eb6999224af307ad195d7f4.jpg","2","https://dakarvente.com/index.php?page=annonces_categorie&id=61&sort=&nb=2"
"1729549931-45","https://dakarvente.com/annonces-categorie-appartements-vendre-61.html","","97 519 500 FCFA","","media/annonces/pics/thumbs/a18dcf362eb6999224af307ad195d7f4.jpg","2","https://dakarvente.com/index.php?page=annonces_categorie&id=61&sort=&nb=2"
"1729549931-46","https://dakarvente.com/annonces-categorie-appartements-vendre-61.html","","Ouest Foire","","media/annonces/pics/thumbs/a18dcf362eb6999224af307ad195d7f4.jpg","2","https://dakarvente.com/index.php?page=annonces_categorie&id=61&sort=&nb=2"
"1729549931-47","https://dakarvente.com/annonces-categorie-appartements-vendre-61.html","","47 000 000 FCFA","","media/annonces/pics/thumbs/a18dcf362eb6999224af307ad195d7f4.jpg","2","https://dakarvente.com/index.php?page=annonces_categorie&id=61&sort=&nb=2"
"1729549931-48","https://dakarvente.com/annonces-categorie-appartements-vendre-61.html","","Almadies","","media/annonces/pics/thumbs/a18dcf362eb6999224af307ad195d7f4.jpg","2","https://dakarvente.com/index.php?page=annonces_categorie&id=61&sort=&nb=2"
"1729549931-49","https://dakarvente.com/annonces-categorie-appartements-vendre-61.html","","110 000 000 FCFA","","media/annonces/pics/thumbs/a18dcf362eb6999224af307ad195d7f4.jpg","2","https://dakarvente.com/index.php?page=annonces_categorie&id=61&sort=&nb=2"
"1729549931-50","https://dakarvente.com/annonces-categorie-appartements-vendre-61.html","","Dakar","","media/annonces/pics/thumbs/a18dcf362eb6999224af307ad195d7f4.jpg","2","https://dakarvente.com/index.php?page=annonces_categorie&id=61&sort=&nb=2"
"1729549931-51","https://dakarvente.com/annonces-categorie-appartements-vendre-61.html","","180 000 000 FCFA","","media/annonces/pics/thumbs/a18dcf362eb6999224af307ad195d7f4.jpg","2","https://dakarvente.com/index.php?page=annonces_categorie&id=61&sort=&nb=2"
"1729549931-52","https://dakarvente.com/annonces-categorie-appartements-vendre-61.html","","Cité Keur Gorgui","","media/annonces/pics/thumbs/a18dcf362eb6999224af307ad195d7f4.jpg","2","https://dakarvente.com/index.php?page=annonces_categorie&id=61&sort=&nb=2"
"1729549931-53","https://dakarvente.com/annonces-categorie-appartements-vendre-61.html","","105 021 000 FCFA","","media/annonces/pics/thumbs/a18dcf362eb6999224af307ad195d7f4.jpg","2","https://dakarvente.com/index.php?page=annonces_categorie&id=61&sort=&nb=2"
"1729549931-54","https://dakarvente.com/annonces-categorie-appartements-vendre-61.html","","Ouest Foire","","media/annonces/pics/thumbs/a18dcf362eb6999224af307ad195d7f4.jpg","2","https://dakarvente.com/index.php?page=annonces_categorie&id=61&sort=&nb=2"
"1729549931-55","https://dakarvente.com/annonces-categorie-appartements-vendre-61.html","","135 000 000 FCFA","","media/annonces/pics/thumbs/a18dcf362eb6999224af307ad195d7f4.jpg","2","https://dakarvente.com/index.php?page=annonces_categorie&id=61&sort=&nb=2"
"1729549931-56","https://dakarvente.com/annonces-categorie-appartements-vendre-61.html","","Virage","","media/annonces/pics/thumbs/a18dcf362eb6999224af307ad195d7f4.jpg","2","https://dakarvente.com/index.php?page=annonces_categorie&id=61&sort=&nb=2"
"1729549931-57","https://dakarvente.com/annonces-categorie-appartements-vendre-61.html","","110 000 000 FCFA","","media/annonces/pics/thumbs/a18dcf362eb6999224af307ad195d7f4.jpg","2","https://dakarvente.com/index.php?page=annonces_categorie&id=61&sort=&nb=2"
"1729549931-58","https://dakarvente.com/annonces-categorie-appartements-vendre-61.html","","Dakar","","media/annonces/pics/thumbs/a18dcf362eb6999224af307ad195d7f4.jpg","2","https://dakarvente.com/index.php?page=annonces_categorie&id=61&sort=&nb=2"
"1729549931-59","https://dakarvente.com/annonces-categorie-appartements-vendre-61.html","","165 000 000 FCFA","","media/annonces/pics/thumbs/a18dcf362eb6999224af307ad195d7f4.jpg","2","https://dakarvente.com/index.php?page=annonces_categorie&id=61&sort=&nb=2"
"1729549931-60","https://dakarvente.com/annonces-categorie-appartements-vendre-61.html","","Ouest Foire","","media/annonces/pics/thumbs/a18dcf362eb6999224af307ad195d7f4.jpg","2","https://dakarvente.com/index.php?page=annonces_categorie&id=61&sort=&nb=2"
"1729549931-61","https://dakarvente.com/annonces-categorie-appartements-vendre-61.html","","122 000 000 FCFA","","media/annonces/pics/thumbs/a18dcf362eb6999224af307ad195d7f4.jpg","2","https://dakarvente.com/index.php?page=annonces_categorie&id=61&sort=&nb=2"
"1729549931-62","https://dakarvente.com/annonces-categorie-appartements-vendre-61.html","","Fann","","media/annonces/pics/thumbs/a18dcf362eb6999224af307ad195d7f4.jpg","2","https://dakarvente.com/index.php?page=annonces_categorie&id=61&sort=&nb=2"
"1729549931-63","https://dakarvente.com/annonces-categorie-appartements-vendre-61.html","","250 000 000 FCFA","","media/annonces/pics/thumbs/a18dcf362eb6999224af307ad195d7f4.jpg","2","https://dakarvente.com/index.php?page=annonces_categorie&id=61&sort=&nb=2"
"1729549931-64","https://dakarvente.com/annonces-categorie-appartements-vendre-61.html","","Dakar","","media/annonces/pics/thumbs/a18dcf362eb6999224af307ad195d7f4.jpg","2","https://dakarvente.com/index.php?page=annonces_categorie&id=61&sort=&nb=2"
"1729549931-65","https://dakarvente.com/annonces-categorie-appartements-vendre-61.html","","135 000 000 FCFA","","media/annonces/pics/thumbs/a18dcf362eb6999224af307ad195d7f4.jpg","2","https://dakarvente.com/index.php?page=annonces_categorie&id=61&sort=&nb=2"
"1729549931-66","https://dakarvente.com/annonces-categorie-appartements-vendre-61.html","","Virage","","media/annonces/pics/thumbs/a18dcf362eb6999224af307ad195d7f4.jpg","2","https://dakarvente.com/index.php?page=annonces_categorie&id=61&sort=&nb=2"
"1729549931-67","https://dakarvente.com/annonces-categorie-appartements-vendre-61.html","","55 000 000 FCFA","","media/annonces/pics/thumbs/a18dcf362eb6999224af307ad195d7f4.jpg","2","https://dakarvente.com/index.php?page=annonces_categorie&id=61&sort=&nb=2"
"1729549931-68","https://dakarvente.com/annonces-categorie-appartements-vendre-61.html","","Médina","","media/annonces/pics/thumbs/a18dcf362eb6999224af307ad195d7f4.jpg","2","https://dakarvente.com/index.php?page=annonces_categorie&id=61&sort=&nb=2"
"1729549931-69","https://dakarvente.com/annonces-categorie-appartements-vendre-61.html","","58 800 000 FCFA","","media/annonces/pics/thumbs/a18dcf362eb6999224af307ad195d7f4.jpg","2","https://dakarvente.com/index.php?page=annonces_categorie&id=61&sort=&nb=2"
"1729549931-70","https://dakarvente.com/annonces-categorie-appartements-vendre-61.html","","Almadies","","media/annonces/pics/thumbs/a18dcf362eb6999224af307ad195d7f4.jpg","2","https://dakarvente.com/index.php?page=annonces_categorie&id=61&sort=&nb=2"
"1729549931-71","https://dakarvente.com/annonces-categorie-appartements-vendre-61.html","","80 000 000 FCFA","","media/annonces/pics/thumbs/a18dcf362eb6999224af307ad195d7f4.jpg","2","https://dakarvente.com/index.php?page=annonces_categorie&id=61&sort=&nb=2"
"1729549931-72","https://dakarvente.com/annonces-categorie-appartements-vendre-61.html","","Liberté 2","","media/annonces/pics/thumbs/a18dcf362eb6999224af307ad195d7f4.jpg","2","https://dakarvente.com/index.php?page=annonces_categorie&id=61&sort=&nb=2"
"1729549931-73","https://dakarvente.com/annonces-categorie-appartements-vendre-61.html","","110 000 000 FCFA","","media/annonces/pics/thumbs/a18dcf362eb6999224af307ad195d7f4.jpg","2","https://dakarvente.com/index.php?page=annonces_categorie&id=61&sort=&nb=2"
"1729549931-74","https://dakarvente.com/annonces-categorie-appartements-vendre-61.html","","Sicap Foire","","media/annonces/pics/thumbs/a18dcf362eb6999224af307ad195d7f4.jpg","2","https://dakarvente.com/index.php?page=annonces_categorie&id=61&sort=&nb=2"
"1729549931-75","https://dakarvente.com/annonces-categorie-appartements-vendre-61.html","","250 000 000 FCFA","","media/annonces/pics/thumbs/a18dcf362eb6999224af307ad195d7f4.jpg","2","https://dakarvente.com/index.php?page=annonces_categorie&id=61&sort=&nb=2"
"1729549931-76","https://dakarvente.com/annonces-categorie-appartements-vendre-61.html","","Point E","","media/annonces/pics/thumbs/a18dcf362eb6999224af307ad195d7f4.jpg","2","https://dakarvente.com/index.php?page=annonces_categorie&id=61&sort=&nb=2"
"1729549931-77","https://dakarvente.com/annonces-categorie-appartements-vendre-61.html","","135 400 000 FCFA","","media/annonces/pics/thumbs/a18dcf362eb6999224af307ad195d7f4.jpg","2","https://dakarvente.com/index.php?page=annonces_categorie&id=61&sort=&nb=2"
"1729549931-78","https://dakarvente.com/annonces-categorie-appartements-vendre-61.html","","Sud Foire","","media/annonces/pics/thumbs/a18dcf362eb6999224af307ad195d7f4.jpg","2","https://dakarvente.com/index.php?page=annonces_categorie&id=61&sort=&nb=2"
"1729549931-79","https://dakarvente.com/annonces-categorie-appartements-vendre-61.html","","59 000 000 FCFA","","media/annonces/pics/thumbs/a18dcf362eb6999224af307ad195d7f4.jpg","2","https://dakarvente.com/index.php?page=annonces_categorie&id=61&sort=&nb=2"
"1729549931-80","https://dakarvente.com/annonces-categorie-appartements-vendre-61.html","","Sud Foire","","media/annonces/pics/thumbs/a18dcf362eb6999224af307ad195d7f4.jpg","2","https://dakarvente.com/index.php?page=annonces_categorie&id=61&sort=&nb=2"
"1729549931-81","https://dakarvente.com/annonces-categorie-appartements-vendre-61.html","","187 400 000 FCFA","","media/annonces/pics/thumbs/a18dcf362eb6999224af307ad195d7f4.jpg","2","https://dakarvente.com/index.php?page=annonces_categorie&id=61&sort=&nb=2"
"1729549931-82","https://dakarvente.com/annonces-categorie-appartements-vendre-61.html","","Sud Foire","","media/annonces/pics/thumbs/a18dcf362eb6999224af307ad195d7f4.jpg","2","https://dakarvente.com/index.php?page=annonces_categorie&id=61&sort=&nb=2"
"1729549931-83","https://dakarvente.com/annonces-categorie-appartements-vendre-61.html","","132 000 000 FCFA","","media/annonces/pics/thumbs/a18dcf362eb6999224af307ad195d7f4.jpg","2","https://dakarvente.com/index.php?page=annonces_categorie&id=61&sort=&nb=2"
"1729549931-84","https://dakarvente.com/annonces-categorie-appartements-vendre-61.html","","Virage","","media/annonces/pics/thumbs/a18dcf362eb6999224af307ad195d7f4.jpg","2","https://dakarvente.com/index.php?page=annonces_categorie&id=61&sort=&nb=2"
"1729549931-85","https://dakarvente.com/annonces-categorie-appartements-vendre-61.html","","138 700 000 FCFA","","media/annonces/pics/thumbs/a18dcf362eb6999224af307ad195d7f4.jpg","2","https://dakarvente.com/index.php?page=annonces_categorie&id=61&sort=&nb=2"
"1729549931-86","https://dakarvente.com/annonces-categorie-appartements-vendre-61.html","","Sacré Coeur","","media/annonces/pics/thumbs/a18dcf362eb6999224af307ad195d7f4.jpg","2","https://dakarvente.com/index.php?page=annonces_categorie&id=61&sort=&nb=2"
"1729549931-87","https://dakarvente.com/annonces-categorie-appartements-vendre-61.html","","262 350 000 FCFA","","media/annonces/pics/thumbs/a18dcf362eb6999224af307ad195d7f4.jpg","2","https://dakarvente.com/index.php?page=annonces_categorie&id=61&sort=&nb=2"
"1729549931-88","https://dakarvente.com/annonces-categorie-appartements-vendre-61.html","","Dakar","","media/annonces/pics/thumbs/a18dcf362eb6999224af307ad195d7f4.jpg","2","https://dakarvente.com/index.php?page=annonces_categorie&id=61&sort=&nb=2"
"1729549931-89","https://dakarvente.com/annonces-categorie-appartements-vendre-61.html","","150 000 000 FCFA","","media/annonces/pics/thumbs/a18dcf362eb6999224af307ad195d7f4.jpg","2","https://dakarvente.com/index.php?page=annonces_categorie&id=61&sort=&nb=2"
"1729549931-90","https://dakarvente.com/annonces-categorie-appartements-vendre-61.html","","Sacré Coeur","","media/annonces/pics/thumbs/a18dcf362eb6999224af307ad195d7f4.jpg","2","https://dakarvente.com/index.php?page=annonces_categorie&id=61&sort=&nb=2"
"1729549931-91","https://dakarvente.com/annonces-categorie-appartements-vendre-61.html","","70 000 000 FCFA","","media/annonces/pics/thumbs/a18dcf362eb6999224af307ad195d7f4.jpg","2","https://dakarvente.com/index.php?page=annonces_categorie&id=61&sort=&nb=2"
"1729549931-92","https://dakarvente.com/annonces-categorie-appartements-vendre-61.html","","Maristes","","media/annonces/pics/thumbs/a18dcf362eb6999224af307ad195d7f4.jpg","2","https://dakarvente.com/index.php?page=annonces_categorie&id=61&sort=&nb=2"
"1729549931-93","https://dakarvente.com/annonces-categorie-appartements-vendre-61.html","","60 000 000 FCFA","","media/annonces/pics/thumbs/a18dcf362eb6999224af307ad195d7f4.jpg","2","https://dakarvente.com/index.php?page=annonces_categorie&id=61&sort=&nb=2"
"1729549931-94","https://dakarvente.com/annonces-categorie-appartements-vendre-61.html","","Almadies","","media/annonces/pics/thumbs/a18dcf362eb6999224af307ad195d7f4.jpg","2","https://dakarvente.com/index.php?page=annonces_categorie&id=61&sort=&nb=2"
"1729549931-95","https://dakarvente.com/annonces-categorie-appartements-vendre-61.html","","135 000 000 FCFA","","media/annonces/pics/thumbs/a18dcf362eb6999224af307ad195d7f4.jpg","2","https://dakarvente.com/index.php?page=annonces_categorie&id=61&sort=&nb=2"
"1729549931-96","https://dakarvente.com/annonces-categorie-appartements-vendre-61.html","","Sacré Coeur","","media/annonces/pics/thumbs/a18dcf362eb6999224af307ad195d7f4.jpg","2","https://dakarvente.com/index.php?page=annonces_categorie&id=61&sort=&nb=2"
"1729549931-97","https://dakarvente.com/annonces-categorie-appartements-vendre-61.html","","85 000 000 FCFA","","media/annonces/pics/thumbs/a18dcf362eb6999224af307ad195d7f4.jpg","2","https://dakarvente.com/index.php?page=annonces_categorie&id=61&sort=&nb=2"
"1729549931-98","https://dakarvente.com/annonces-categorie-appartements-vendre-61.html","","Amitié","","media/annonces/pics/thumbs/a18dcf362eb6999224af307ad195d7f4.jpg","2","https://dakarvente.com/index.php?page=annonces_categorie&id=61&sort=&nb=2"
"1729549931-99","https://dakarvente.com/annonces-categorie-appartements-vendre-61.html","","250 000 000 FCFA","","media/annonces/pics/thumbs/a18dcf362eb6999224af307ad195d7f4.jpg","2","https://dakarvente.com/index.php?page=annonces_categorie&id=61&sort=&nb=2"
"1729549931-100","https://dakarvente.com/annonces-categorie-appartements-vendre-61.html","","Mermoz","","media/annonces/pics/thumbs/a18dcf362eb6999224af307ad195d7f4.jpg","2","https://dakarvente.com/index.php?page=annonces_categorie&id=61&sort=&nb=2"
"1729549931-101","https://dakarvente.com/annonces-categorie-appartements-vendre-61.html","","215 000 000 FCFA","","media/annonces/pics/thumbs/a18dcf362eb6999224af307ad195d7f4.jpg","2","https://dakarvente.com/index.php?page=annonces_categorie&id=61&sort=&nb=2"
"1729549931-102","https://dakarvente.com/annonces-categorie-appartements-vendre-61.html","","Mermoz","","media/annonces/pics/thumbs/a18dcf362eb6999224af307ad195d7f4.jpg","2","https://dakarvente.com/index.php?page=annonces_categorie&id=61&sort=&nb=2"
"1729549931-103","https://dakarvente.com/annonces-categorie-appartements-vendre-61.html","","2 000 000 FCFA","","media/annonces/pics/thumbs/a18dcf362eb6999224af307ad195d7f4.jpg","2","https://dakarvente.com/index.php?page=annonces_categorie&id=61&sort=&nb=2"
"1729549931-104","https://dakarvente.com/annonces-categorie-appartements-vendre-61.html","","Plateau","","media/annonces/pics/thumbs/a18dcf362eb6999224af307ad195d7f4.jpg","2","https://dakarvente.com/index.php?page=annonces_categorie&id=61&sort=&nb=2"
"1729549931-105","https://dakarvente.com/annonces-categorie-appartements-vendre-61.html","","115 000 000 FCFA","","media/annonces/pics/thumbs/a18dcf362eb6999224af307ad195d7f4.jpg","2","https://dakarvente.com/index.php?page=annonces_categorie&id=61&sort=&nb=2"
"1729549931-106","https://dakarvente.com/annonces-categorie-appartements-vendre-61.html","","Liberté 6","","media/annonces/pics/thumbs/a18dcf362eb6999224af307ad195d7f4.jpg","2","https://dakarvente.com/index.php?page=annonces_categorie&id=61&sort=&nb=2"
"1729549931-107","https://dakarvente.com/annonces-categorie-appartements-vendre-61.html","","70 000 000 FCFA","","media/annonces/pics/thumbs/a18dcf362eb6999224af307ad195d7f4.jpg","2","https://dakarvente.com/index.php?page=annonces_categorie&id=61&sort=&nb=2"
"1729549931-108","https://dakarvente.com/annonces-categorie-appartements-vendre-61.html","","Sacré Coeur","","media/annonces/pics/thumbs/a18dcf362eb6999224af307ad195d7f4.jpg","2","https://dakarvente.com/index.php?page=annonces_categorie&id=61&sort=&nb=2"
"1729549931-109","https://dakarvente.com/annonces-categorie-appartements-vendre-61.html","","67 000 000 FCFA","","media/annonces/pics/thumbs/a18dcf362eb6999224af307ad195d7f4.jpg","2","https://dakarvente.com/index.php?page=annonces_categorie&id=61&sort=&nb=2"
"1729549931-110","https://dakarvente.com/annonces-categorie-appartements-vendre-61.html","","Almadies","","media/annonces/pics/thumbs/a18dcf362eb6999224af307ad195d7f4.jpg","2","https://dakarvente.com/index.php?page=annonces_categorie&id=61&sort=&nb=2"
"1729549931-111","https://dakarvente.com/annonces-categorie-appartements-vendre-61.html","","285 000 000 FCFA","","media/annonces/pics/thumbs/a18dcf362eb6999224af307ad195d7f4.jpg","2","https://dakarvente.com/index.php?page=annonces_categorie&id=61&sort=&nb=2"
"1729549931-112","https://dakarvente.com/annonces-categorie-appartements-vendre-61.html","","Almadies","","media/annonces/pics/thumbs/a18dcf362eb6999224af307ad195d7f4.jpg","2","https://dakarvente.com/index.php?page=annonces_categorie&id=61&sort=&nb=2"
"1729549931-113","https://dakarvente.com/annonces-categorie-appartements-vendre-61.html","","110 000 000 FCFA","","media/annonces/pics/thumbs/a18dcf362eb6999224af307ad195d7f4.jpg","2","https://dakarvente.com/index.php?page=annonces_categorie&id=61&sort=&nb=2"
"1729549931-114","https://dakarvente.com/annonces-categorie-appartements-vendre-61.html","","Grand Yoff","","media/annonces/pics/thumbs/a18dcf362eb6999224af307ad195d7f4.jpg","2","https://dakarvente.com/index.php?page=annonces_categorie&id=61&sort=&nb=2"
"1729549931-115","https://dakarvente.com/annonces-categorie-appartements-vendre-61.html","","45 000 000 FCFA","","media/annonces/pics/thumbs/a18dcf362eb6999224af307ad195d7f4.jpg","2","https://dakarvente.com/index.php?page=annonces_categorie&id=61&sort=&nb=2"
"1729549931-116","https://dakarvente.com/annonces-categorie-appartements-vendre-61.html","","Sicap Foire","","media/annonces/pics/thumbs/a18dcf362eb6999224af307ad195d7f4.jpg","2","https://dakarvente.com/index.php?page=annonces_categorie&id=61&sort=&nb=2"
"1729549931-117","https://dakarvente.com/annonces-categorie-appartements-vendre-61.html","","69 000 000 FCFA","","media/annonces/pics/thumbs/a18dcf362eb6999224af307ad195d7f4.jpg","2","https://dakarvente.com/index.php?page=annonces_categorie&id=61&sort=&nb=2"
"1729549931-118","https://dakarvente.com/annonces-categorie-appartements-vendre-61.html","","Sacré Coeur","","media/annonces/pics/thumbs/a18dcf362eb6999224af307ad195d7f4.jpg","2","https://dakarvente.com/index.php?page=annonces_categorie&id=61&sort=&nb=2"
"1729549931-119","https://dakarvente.com/annonces-categorie-appartements-vendre-61.html","","97 700 000 FCFA","","media/annonces/pics/thumbs/a18dcf362eb6999224af307ad195d7f4.jpg","2","https://dakarvente.com/index.php?page=annonces_categorie&id=61&sort=&nb=2"
"1729549931-120","https://dakarvente.com/annonces-categorie-appartements-vendre-61.html","","Mamelles","","media/annonces/pics/thumbs/a18dcf362eb6999224af307ad195d7f4.jpg","2","https://dakarvente.com/index.php?page=annonces_categorie&id=61&sort=&nb=2"
"1729549931-121","https://dakarvente.com/annonces-categorie-appartements-vendre-61.html","","60 000 000 FCFA","","media/annonces/pics/thumbs/a18dcf362eb6999224af307ad195d7f4.jpg","2","https://dakarvente.com/index.php?page=annonces_categorie&id=61&sort=&nb=2"
"1729549931-122","https://dakarvente.com/annonces-categorie-appartements-vendre-61.html","","Sacré Coeur","","media/annonces/pics/thumbs/a18dcf362eb6999224af307ad195d7f4.jpg","2","https://dakarvente.com/index.php?page=annonces_categorie&id=61&sort=&nb=2"
"1729549931-123","https://dakarvente.com/annonces-categorie-appartements-vendre-61.html","","90 400 000 FCFA","","media/annonces/pics/thumbs/a18dcf362eb6999224af307ad195d7f4.jpg","2","https://dakarvente.com/index.php?page=annonces_categorie&id=61&sort=&nb=2"
"1729549931-124","https://dakarvente.com/annonces-categorie-appartements-vendre-61.html","","Almadies","","media/annonces/pics/thumbs/a18dcf362eb6999224af307ad195d7f4.jpg","2","https://dakarvente.com/index.php?page=annonces_categorie&id=61&sort=&nb=2"
"1729549931-125","https://dakarvente.com/annonces-categorie-appartements-vendre-61.html","","90 400 000 FCFA","","media/annonces/pics/thumbs/a18dcf362eb6999224af307ad195d7f4.jpg","2","https://dakarvente.com/index.php?page=annonces_categorie&id=61&sort=&nb=2"
"1729549931-126","https://dakarvente.com/annonces-categorie-appartements-vendre-61.html","","Almadies","","media/annonces/pics/thumbs/a18dcf362eb6999224af307ad195d7f4.jpg","2","https://dakarvente.com/index.php?page=annonces_categorie&id=61&sort=&nb=2"
"1729549931-127","https://dakarvente.com/annonces-categorie-appartements-vendre-61.html","","","40 000 000 FCFA","media/annonces/pics/thumbs/a18dcf362eb6999224af307ad195d7f4.jpg","2","https://dakarvente.com/index.php?page=annonces_categorie&id=61&sort=&nb=2"
"1729549931-128","https://dakarvente.com/annonces-categorie-appartements-vendre-61.html","","","Diamniadio","media/annonces/pics/thumbs/a18dcf362eb6999224af307ad195d7f4.jpg","2","https://dakarvente.com/index.php?page=annonces_categorie&id=61&sort=&nb=2"
"1729549931-129","https://dakarvente.com/annonces-categorie-appartements-vendre-61.html","","","97 519 500 FCFA","media/annonces/pics/thumbs/a18dcf362eb6999224af307ad195d7f4.jpg","2","https://dakarvente.com/index.php?page=annonces_categorie&id=61&sort=&nb=2"
"1729549931-130","https://dakarvente.com/annonces-categorie-appartements-vendre-61.html","","","Ouest Foire","media/annonces/pics/thumbs/a18dcf362eb6999224af307ad195d7f4.jpg","2","https://dakarvente.com/index.php?page=annonces_categorie&id=61&sort=&nb=2"
"1729549931-131","https://dakarvente.com/annonces-categorie-appartements-vendre-61.html","","","47 000 000 FCFA","media/annonces/pics/thumbs/a18dcf362eb6999224af307ad195d7f4.jpg","2","https://dakarvente.com/index.php?page=annonces_categorie&id=61&sort=&nb=2"
"1729549931-132","https://dakarvente.com/annonces-categorie-appartements-vendre-61.html","","","Almadies","media/annonces/pics/thumbs/a18dcf362eb6999224af307ad195d7f4.jpg","2","https://dakarvente.com/index.php?page=annonces_categorie&id=61&sort=&nb=2"
"1729549931-133","https://dakarvente.com/annonces-categorie-appartements-vendre-61.html","","","110 000 000 FCFA","media/annonces/pics/thumbs/a18dcf362eb6999224af307ad195d7f4.jpg","2","https://dakarvente.com/index.php?page=annonces_categorie&id=61&sort=&nb=2"
"1729549931-134","https://dakarvente.com/annonces-categorie-appartements-vendre-61.html","","","Dakar","media/annonces/pics/thumbs/a18dcf362eb6999224af307ad195d7f4.jpg","2","https://dakarvente.com/index.php?page=annonces_categorie&id=61&sort=&nb=2"
"1729549931-135","https://dakarvente.com/annonces-categorie-appartements-vendre-61.html","","","Dakar","media/annonces/pics/thumbs/a18dcf362eb6999224af307ad195d7f4.jpg","2","https://dakarvente.com/index.php?page=annonces_categorie&id=61&sort=&nb=2"
"1729549931-136","https://dakarvente.com/annonces-categorie-appartements-vendre-61.html","","","180 000 000 FCFA","media/annonces/pics/thumbs/a18dcf362eb6999224af307ad195d7f4.jpg","2","https://dakarvente.com/index.php?page=annonces_categorie&id=61&sort=&nb=2"
"1729549931-137","https://dakarvente.com/annonces-categorie-appartements-vendre-61.html","","","Cité Keur Gorgui","media/annonces/pics/thumbs/a18dcf362eb6999224af307ad195d7f4.jpg","2","https://dakarvente.com/index.php?page=annonces_categorie&id=61&sort=&nb=2"
"1729549931-138","https://dakarvente.com/annonces-categorie-appartements-vendre-61.html","","","105 021 000 FCFA","media/annonces/pics/thumbs/a18dcf362eb6999224af307ad195d7f4.jpg","2","https://dakarvente.com/index.php?page=annonces_categorie&id=61&sort=&nb=2"
"1729549931-139","https://dakarvente.com/annonces-categorie-appartements-vendre-61.html","","","Ouest Foire","media/annonces/pics/thumbs/a18dcf362eb6999224af307ad195d7f4.jpg","2","https://dakarvente.com/index.php?page=annonces_categorie&id=61&sort=&nb=2"
"1729549931-140","https://dakarvente.com/annonces-categorie-appartements-vendre-61.html","","","135 000 000 FCFA","media/annonces/pics/thumbs/a18dcf362eb6999224af307ad195d7f4.jpg","2","https://dakarvente.com/index.php?page=annonces_categorie&id=61&sort=&nb=2"
"1729549931-141","https://dakarvente.com/annonces-categorie-appartements-vendre-61.html","","","Virage","media/annonces/pics/thumbs/a18dcf362eb6999224af307ad195d7f4.jpg","2","https://dakarvente.com/index.php?page=annonces_categorie&id=61&sort=&nb=2"
"1729549931-142","https://dakarvente.com/annonces-categorie-appartements-vendre-61.html","","","110 000 000 FCFA","media/annonces/pics/thumbs/a18dcf362eb6999224af307ad195d7f4.jpg","2","https://dakarvente.com/index.php?page=annonces_categorie&id=61&sort=&nb=2"
"1729549931-143","https://dakarvente.com/annonces-categorie-appartements-vendre-61.html","","","Dakar","media/annonces/pics/thumbs/a18dcf362eb6999224af307ad195d7f4.jpg","2","https://dakarvente.com/index.php?page=annonces_categorie&id=61&sort=&nb=2"
"1729549931-144","https://dakarvente.com/annonces-categorie-appartements-vendre-61.html","","","165 000 000 FCFA","media/annonces/pics/thumbs/a18dcf362eb6999224af307ad195d7f4.jpg","2","https://dakarvente.com/index.php?page=annonces_categorie&id=61&sort=&nb=2"
"1729549931-145","https://dakarvente.com/annonces-categorie-appartements-vendre-61.html","","","Ouest Foire","media/annonces/pics/thumbs/a18dcf362eb6999224af307ad195d7f4.jpg","2","https://dakarvente.com/index.php?page=annonces_categorie&id=61&sort=&nb=2"
"1729549931-146","https://dakarvente.com/annonces-categorie-appartements-vendre-61.html","","","122 000 000 FCFA","media/annonces/pics/thumbs/a18dcf362eb6999224af307ad195d7f4.jpg","2","https://dakarvente.com/index.php?page=annonces_categorie&id=61&sort=&nb=2"
"1729549931-147","https://dakarvente.com/annonces-categorie-appartements-vendre-61.html","","","Fann","media/annonces/pics/thumbs/a18dcf362eb6999224af307ad195d7f4.jpg","2","https://dakarvente.com/index.php?page=annonces_categorie&id=61&sort=&nb=2"
"1729549931-148","https://dakarvente.com/annonces-categorie-appartements-vendre-61.html","","","250 000 000 FCFA","media/annonces/pics/thumbs/a18dcf362eb6999224af307ad195d7f4.jpg","2","https://dakarvente.com/index.php?page=annonces_categorie&id=61&sort=&nb=2"
"1729549931-149","https://dakarvente.com/annonces-categorie-appartements-vendre-61.html","","","Dakar","media/annonces/pics/thumbs/a18dcf362eb6999224af307ad195d7f4.jpg","2","https://dakarvente.com/index.php?page=annonces_categorie&id=61&sort=&nb=2"
"1729549931-150","https://dakarvente.com/annonces-categorie-appartements-vendre-61.html","","","135 000 000 FCFA","media/annonces/pics/thumbs/a18dcf362eb6999224af307ad195d7f4.jpg","2","https://dakarvente.com/index.php?page=annonces_categorie&id=61&sort=&nb=2"
"1729549931-151","https://dakarvente.com/annonces-categorie-appartements-vendre-61.html","","","Virage","media/annonces/pics/thumbs/a18dcf362eb6999224af307ad195d7f4.jpg","2","https://dakarvente.com/index.php?page=annonces_categorie&id=61&sort=&nb=2"
"1729549931-152","https://dakarvente.com/annonces-categorie-appartements-vendre-61.html","","","55 000 000 FCFA","media/annonces/pics/thumbs/a18dcf362eb6999224af307ad195d7f4.jpg","2","https://dakarvente.com/index.php?page=annonces_categorie&id=61&sort=&nb=2"
"1729549931-153","https://dakarvente.com/annonces-categorie-appartements-vendre-61.html","","","Médina","media/annonces/pics/thumbs/a18dcf362eb6999224af307ad195d7f4.jpg","2","https://dakarvente.com/index.php?page=annonces_categorie&id=61&sort=&nb=2"
"1729549931-154","https://dakarvente.com/annonces-categorie-appartements-vendre-61.html","","","58 800 000 FCFA","media/annonces/pics/thumbs/a18dcf362eb6999224af307ad195d7f4.jpg","2","https://dakarvente.com/index.php?page=annonces_categorie&id=61&sort=&nb=2"
"1729549931-155","https://dakarvente.com/annonces-categorie-appartements-vendre-61.html","","","Almadies","media/annonces/pics/thumbs/a18dcf362eb6999224af307ad195d7f4.jpg","2","https://dakarvente.com/index.php?page=annonces_categorie&id=61&sort=&nb=2"
"1729549931-156","https://dakarvente.com/annonces-categorie-appartements-vendre-61.html","","","80 000 000 FCFA","media/annonces/pics/thumbs/a18dcf362eb6999224af307ad195d7f4.jpg","2","https://dakarvente.com/index.php?page=annonces_categorie&id=61&sort=&nb=2"
"1729549931-157","https://dakarvente.com/annonces-categorie-appartements-vendre-61.html","","","Liberté 2","media/annonces/pics/thumbs/a18dcf362eb6999224af307ad195d7f4.jpg","2","https://dakarvente.com/index.php?page=annonces_categorie&id=61&sort=&nb=2"
"1729549931-158","https://dakarvente.com/annonces-categorie-appartements-vendre-61.html","","","110 000 000 FCFA","media/annonces/pics/thumbs/a18dcf362eb6999224af307ad195d7f4.jpg","2","https://dakarvente.com/index.php?page=annonces_categorie&id=61&sort=&nb=2"
"1729549931-159","https://dakarvente.com/annonces-categorie-appartements-vendre-61.html","","","Sicap Foire","media/annonces/pics/thumbs/a18dcf362eb6999224af307ad195d7f4.jpg","2","https://dakarvente.com/index.php?page=annonces_categorie&id=61&sort=&nb=2"
"1729549931-160","https://dakarvente.com/annonces-categorie-appartements-vendre-61.html","","","250 000 000 FCFA","media/annonces/pics/thumbs/a18dcf362eb6999224af307ad195d7f4.jpg","2","https://dakarvente.com/index.php?page=annonces_categorie&id=61&sort=&nb=2"
"1729549931-161","https://dakarvente.com/annonces-categorie-appartements-vendre-61.html","","","Point E","media/annonces/pics/thumbs/a18dcf362eb6999224af307ad195d7f4.jpg","2","https://dakarvente.com/index.php?page=annonces_categorie&id=61&sort=&nb=2"
"1729549931-162","https://dakarvente.com/annonces-categorie-appartements-vendre-61.html","","","135 400 000 FCFA","media/annonces/pics/thumbs/a18dcf362eb6999224af307ad195d7f4.jpg","2","https://dakarvente.com/index.php?page=annonces_categorie&id=61&sort=&nb=2"
"1729549931-163","https://dakarvente.com/annonces-categorie-appartements-vendre-61.html","","","Sud Foire","media/annonces/pics/thumbs/a18dcf362eb6999224af307ad195d7f4.jpg","2","https://dakarvente.com/index.php?page=annonces_categorie&id=61&sort=&nb=2"
"1729549931-164","https://dakarvente.com/annonces-categorie-appartements-vendre-61.html","","","59 000 000 FCFA","media/annonces/pics/thumbs/a18dcf362eb6999224af307ad195d7f4.jpg","2","https://dakarvente.com/index.php?page=annonces_categorie&id=61&sort=&nb=2"
"1729549931-165","https://dakarvente.com/annonces-categorie-appartements-vendre-61.html","","","Sud Foire","media/annonces/pics/thumbs/a18dcf362eb6999224af307ad195d7f4.jpg","2","https://dakarvente.com/index.php?page=annonces_categorie&id=61&sort=&nb=2"
"1729549931-166","https://dakarvente.com/annonces-categorie-appartements-vendre-61.html","","","187 400 000 FCFA","media/annonces/pics/thumbs/a18dcf362eb6999224af307ad195d7f4.jpg","2","https://dakarvente.com/index.php?page=annonces_categorie&id=61&sort=&nb=2"
"1729549931-167","https://dakarvente.com/annonces-categorie-appartements-vendre-61.html","","","Sud Foire","media/annonces/pics/thumbs/a18dcf362eb6999224af307ad195d7f4.jpg","2","https://dakarvente.com/index.php?page=annonces_categorie&id=61&sort=&nb=2"
"1729549931-168","https://dakarvente.com/annonces-categorie-appartements-vendre-61.html","","","132 000 000 FCFA","media/annonces/pics/thumbs/a18dcf362eb6999224af307ad195d7f4.jpg","2","https://dakarvente.com/index.php?page=annonces_categorie&id=61&sort=&nb=2"
"1729549931-169","https://dakarvente.com/annonces-categorie-appartements-vendre-61.html","","","Virage","media/annonces/pics/thumbs/a18dcf362eb6999224af307ad195d7f4.jpg","2","https://dakarvente.com/index.php?page=annonces_categorie&id=61&sort=&nb=2"
"1729549931-170","https://dakarvente.com/annonces-categorie-appartements-vendre-61.html","","","138 700 000 FCFA","media/annonces/pics/thumbs/a18dcf362eb6999224af307ad195d7f4.jpg","2","https://dakarvente.com/index.php?page=annonces_categorie&id=61&sort=&nb=2"
"1729549931-171","https://dakarvente.com/annonces-categorie-appartements-vendre-61.html","","","Sacré Coeur","media/annonces/pics/thumbs/a18dcf362eb6999224af307ad195d7f4.jpg","2","https://dakarvente.com/index.php?page=annonces_categorie&id=61&sort=&nb=2"
"1729549931-172","https://dakarvente.com/annonces-categorie-appartements-vendre-61.html","","","262 350 000 FCFA","media/annonces/pics/thumbs/a18dcf362eb6999224af307ad195d7f4.jpg","2","https://dakarvente.com/index.php?page=annonces_categorie&id=61&sort=&nb=2"
"1729549931-173","https://dakarvente.com/annonces-categorie-appartements-vendre-61.html","","","Dakar","media/annonces/pics/thumbs/a18dcf362eb6999224af307ad195d7f4.jpg","2","https://dakarvente.com/index.php?page=annonces_categorie&id=61&sort=&nb=2"
"1729549931-174","https://dakarvente.com/annonces-categorie-appartements-vendre-61.html","","","150 000 000 FCFA","media/annonces/pics/thumbs/a18dcf362eb6999224af307ad195d7f4.jpg","2","https://dakarvente.com/index.php?page=annonces_categorie&id=61&sort=&nb=2"
"1729549931-175","https://dakarvente.com/annonces-categorie-appartements-vendre-61.html","","","Sacré Coeur","media/annonces/pics/thumbs/a18dcf362eb6999224af307ad195d7f4.jpg","2","https://dakarvente.com/index.php?page=annonces_categorie&id=61&sort=&nb=2"
"1729549931-176","https://dakarvente.com/annonces-categorie-appartements-vendre-61.html","","","70 000 000 FCFA","media/annonces/pics/thumbs/a18dcf362eb6999224af307ad195d7f4.jpg","2","https://dakarvente.com/index.php?page=annonces_categorie&id=61&sort=&nb=2"
"1729549931-177","https://dakarvente.com/annonces-categorie-appartements-vendre-61.html","","","Maristes","media/annonces/pics/thumbs/a18dcf362eb6999224af307ad195d7f4.jpg","2","https://dakarvente.com/index.php?page=annonces_categorie&id=61&sort=&nb=2"
"1729549931-178","https://dakarvente.com/annonces-categorie-appartements-vendre-61.html","","","60 000 000 FCFA","media/annonces/pics/thumbs/a18dcf362eb6999224af307ad195d7f4.jpg","2","https://dakarvente.com/index.php?page=annonces_categorie&id=61&sort=&nb=2"
"1729549931-179","https://dakarvente.com/annonces-categorie-appartements-vendre-61.html","","","Almadies","media/annonces/pics/thumbs/a18dcf362eb6999224af307ad195d7f4.jpg","2","https://dakarvente.com/index.php?page=annonces_categorie&id=61&sort=&nb=2"
"1729549931-180","https://dakarvente.com/annonces-categorie-appartements-vendre-61.html","","","135 000 000 FCFA","media/annonces/pics/thumbs/a18dcf362eb6999224af307ad195d7f4.jpg","2","https://dakarvente.com/index.php?page=annonces_categorie&id=61&sort=&nb=2"
"1729549931-181","https://dakarvente.com/annonces-categorie-appartements-vendre-61.html","","","Sacré Coeur","media/annonces/pics/thumbs/a18dcf362eb6999224af307ad195d7f4.jpg","2","https://dakarvente.com/index.php?page=annonces_categorie&id=61&sort=&nb=2"
"1729549931-182","https://dakarvente.com/annonces-categorie-appartements-vendre-61.html","","","85 000 000 FCFA","media/annonces/pics/thumbs/a18dcf362eb6999224af307ad195d7f4.jpg","2","https://dakarvente.com/index.php?page=annonces_categorie&id=61&sort=&nb=2"
"1729549931-183","https://dakarvente.com/annonces-categorie-appartements-vendre-61.html","","","Amitié","media/annonces/pics/thumbs/a18dcf362eb6999224af307ad195d7f4.jpg","2","https://dakarvente.com/index.php?page=annonces_categorie&id=61&sort=&nb=2"
"1729549931-184","https://dakarvente.com/annonces-categorie-appartements-vendre-61.html","","","250 000 000 FCFA","media/annonces/pics/thumbs/a18dcf362eb6999224af307ad195d7f4.jpg","2","https://dakarvente.com/index.php?page=annonces_categorie&id=61&sort=&nb=2"
"1729549931-185","https://dakarvente.com/annonces-categorie-appartements-vendre-61.html","","","Mermoz","media/annonces/pics/thumbs/a18dcf362eb6999224af307ad195d7f4.jpg","2","https://dakarvente.com/index.php?page=annonces_categorie&id=61&sort=&nb=2"
"1729549931-186","https://dakarvente.com/annonces-categorie-appartements-vendre-61.html","","","215 000 000 FCFA","media/annonces/pics/thumbs/a18dcf362eb6999224af307ad195d7f4.jpg","2","https://dakarvente.com/index.php?page=annonces_categorie&id=61&sort=&nb=2"
"1729549931-187","https://dakarvente.com/annonces-categorie-appartements-vendre-61.html","","","Mermoz","media/annonces/pics/thumbs/a18dcf362eb6999224af307ad195d7f4.jpg","2","https://dakarvente.com/index.php?page=annonces_categorie&id=61&sort=&nb=2"
"1729549931-188","https://dakarvente.com/annonces-categorie-appartements-vendre-61.html","","","2 000 000 FCFA","media/annonces/pics/thumbs/a18dcf362eb6999224af307ad195d7f4.jpg","2","https://dakarvente.com/index.php?page=annonces_categorie&id=61&sort=&nb=2"
"1729549931-189","https://dakarvente.com/annonces-categorie-appartements-vendre-61.html","","","Plateau","media/annonces/pics/thumbs/a18dcf362eb6999224af307ad195d7f4.jpg","2","https://dakarvente.com/index.php?page=annonces_categorie&id=61&sort=&nb=2"
"1729549931-190","https://dakarvente.com/annonces-categorie-appartements-vendre-61.html","","","115 000 000 FCFA","media/annonces/pics/thumbs/a18dcf362eb6999224af307ad195d7f4.jpg","2","https://dakarvente.com/index.php?page=annonces_categorie&id=61&sort=&nb=2"
"1729549931-191","https://dakarvente.com/annonces-categorie-appartements-vendre-61.html","","","Liberté 6","media/annonces/pics/thumbs/a18dcf362eb6999224af307ad195d7f4.jpg","2","https://dakarvente.com/index.php?page=annonces_categorie&id=61&sort=&nb=2"
"1729549931-192","https://dakarvente.com/annonces-categorie-appartements-vendre-61.html","","","70 000 000 FCFA","media/annonces/pics/thumbs/a18dcf362eb6999224af307ad195d7f4.jpg","2","https://dakarvente.com/index.php?page=annonces_categorie&id=61&sort=&nb=2"
"1729549931-193","https://dakarvente.com/annonces-categorie-appartements-vendre-61.html","","","Sacré Coeur","media/annonces/pics/thumbs/a18dcf362eb6999224af307ad195d7f4.jpg","2","https://dakarvente.com/index.php?page=annonces_categorie&id=61&sort=&nb=2"
"1729549931-194","https://dakarvente.com/annonces-categorie-appartements-vendre-61.html","","","67 000 000 FCFA","media/annonces/pics/thumbs/a18dcf362eb6999224af307ad195d7f4.jpg","2","https://dakarvente.com/index.php?page=annonces_categorie&id=61&sort=&nb=2"
"1729549931-195","https://dakarvente.com/annonces-categorie-appartements-vendre-61.html","","","Almadies","media/annonces/pics/thumbs/a18dcf362eb6999224af307ad195d7f4.jpg","2","https://dakarvente.com/index.php?page=annonces_categorie&id=61&sort=&nb=2"
"1729549931-196","https://dakarvente.com/annonces-categorie-appartements-vendre-61.html","","","285 000 000 FCFA","media/annonces/pics/thumbs/a18dcf362eb6999224af307ad195d7f4.jpg","2","https://dakarvente.com/index.php?page=annonces_categorie&id=61&sort=&nb=2"
"1729549931-197","https://dakarvente.com/annonces-categorie-appartements-vendre-61.html","","","Almadies","media/annonces/pics/thumbs/a18dcf362eb6999224af307ad195d7f4.jpg","2","https://dakarvente.com/index.php?page=annonces_categorie&id=61&sort=&nb=2"
"1729549931-198","https://dakarvente.com/annonces-categorie-appartements-vendre-61.html","","","110 000 000 FCFA","media/annonces/pics/thumbs/a18dcf362eb6999224af307ad195d7f4.jpg","2","https://dakarvente.com/index.php?page=annonces_categorie&id=61&sort=&nb=2"
"1729549931-199","https://dakarvente.com/annonces-categorie-appartements-vendre-61.html","","","Grand Yoff","media/annonces/pics/thumbs/a18dcf362eb6999224af307ad195d7f4.jpg","2","https://dakarvente.com/index.php?page=annonces_categorie&id=61&sort=&nb=2"
"1729549931-200","https://dakarvente.com/annonces-categorie-appartements-vendre-61.html","","","45 000 000 FCFA","media/annonces/pics/thumbs/a18dcf362eb6999224af307ad195d7f4.jpg","2","https://dakarvente.com/index.php?page=annonces_categorie&id=61&sort=&nb=2"
"1729549931-201","https://dakarvente.com/annonces-categorie-appartements-vendre-61.html","","","Sicap Foire","media/annonces/pics/thumbs/a18dcf362eb6999224af307ad195d7f4.jpg","2","https://dakarvente.com/index.php?page=annonces_categorie&id=61&sort=&nb=2"
"1729549931-202","https://dakarvente.com/annonces-categorie-appartements-vendre-61.html","","","69 000 000 FCFA","media/annonces/pics/thumbs/a18dcf362eb6999224af307ad195d7f4.jpg","2","https://dakarvente.com/index.php?page=annonces_categorie&id=61&sort=&nb=2"
"1729549931-203","https://dakarvente.com/annonces-categorie-appartements-vendre-61.html","","","Sacré Coeur","media/annonces/pics/thumbs/a18dcf362eb6999224af307ad195d7f4.jpg","2","https://dakarvente.com/index.php?page=annonces_categorie&id=61&sort=&nb=2"
"1729549931-204","https://dakarvente.com/annonces-categorie-appartements-vendre-61.html","","","97 700 000 FCFA","media/annonces/pics/thumbs/a18dcf362eb6999224af307ad195d7f4.jpg","2","https://dakarvente.com/index.php?page=annonces_categorie&id=61&sort=&nb=2"
"1729549931-205","https://dakarvente.com/annonces-categorie-appartements-vendre-61.html","","","Mamelles","media/annonces/pics/thumbs/a18dcf362eb6999224af307ad195d7f4.jpg","2","https://dakarvente.com/index.php?page=annonces_categorie&id=61&sort=&nb=2"
"1729549931-206","https://dakarvente.com/annonces-categorie-appartements-vendre-61.html","","","60 000 000 FCFA","media/annonces/pics/thumbs/a18dcf362eb6999224af307ad195d7f4.jpg","2","https://dakarvente.com/index.php?page=annonces_categorie&id=61&sort=&nb=2"
"1729549931-207","https://dakarvente.com/annonces-categorie-appartements-vendre-61.html","","","Sacré Coeur","media/annonces/pics/thumbs/a18dcf362eb6999224af307ad195d7f4.jpg","2","https://dakarvente.com/index.php?page=annonces_categorie&id=61&sort=&nb=2"
"1729549931-208","https://dakarvente.com/annonces-categorie-appartements-vendre-61.html","","","90 400 000 FCFA","media/annonces/pics/thumbs/a18dcf362eb6999224af307ad195d7f4.jpg","2","https://dakarvente.com/index.php?page=annonces_categorie&id=61&sort=&nb=2"
"1729549931-209","https://dakarvente.com/annonces-categorie-appartements-vendre-61.html","","","Almadies","media/annonces/pics/thumbs/a18dcf362eb6999224af307ad195d7f4.jpg","2","https://dakarvente.com/index.php?page=annonces_categorie&id=61&sort=&nb=2"
"1729549931-210","https://dakarvente.com/annonces-categorie-appartements-vendre-61.html","","","90 400 000 FCFA","media/annonces/pics/thumbs/a18dcf362eb6999224af307ad195d7f4.jpg","2","https://dakarvente.com/index.php?page=annonces_categorie&id=61&sort=&nb=2"
"1729549931-211","https://dakarvente.com/annonces-categorie-appartements-vendre-61.html","","","Almadies","media/annonces/pics/thumbs/a18dcf362eb6999224af307ad195d7f4.jpg","2","https://dakarvente.com/index.php?page=annonces_categorie&id=61&sort=&nb=2"
